"integration","integration_index","sites","observed_fraction","site_rate_mean","site_rate_median","site_rate_saturated","edits_per_cell_mean","edited_fraction","alleles","normalised_entropy","top_allele_fraction","incompatible_fraction","mean_abs_association","dataset"
"ACTGCCACCGCACACCTC",1,272,0.885632352941176,0.294886241984007,0.0270881741469977,0.180147058823529,70.996,0.261719122860391,154,0.866898678494905,0.0855855855855856,0.2405,0.15563603072187,"real"
"TCTCAAAGATCGCCTCGA",2,272,0.812705882352941,0.301000003185607,0.0371124031007752,0.139705882352941,67.112,0.262314236194138,208,0.989997414714334,0.0138888888888889,0.343,0.143201844702173,"real"
"TGCGACTACGCGCCCTTG",3,272,0.834308823529412,0.310296431776291,0.0191387559808612,0.238970588235294,70.432,0.259474840199395,192,0.976081192763502,0.0143540669856459,0.242,0.0509613837059875,"real"
"GGATTTCTGCTTTCCCAG",4,272,0.830897058823529,0.306124848888556,0.0288461538461538,0.205882352941176,69.172,0.254646149050038,203,0.9937566002934,0.00961538461538462,0.2495,0.181908483071583,"real"
"TCCGCGGCCGCTCGCCGG",5,272,0.794705882352941,0.311372642822564,0.0326633165829146,0.106617647058824,67.316,0.247896976592972,191,0.987981310040595,0.0150753768844221,0.2015,0.231123902242796,"real"
"AACCACACCCACCACCTA",6,272,0.794220588235294,0.296947212145802,0.0226638241713619,0.213235294117647,64.16,0.236441701114348,192,0.990290846151065,0.0150753768844221,0.183,0.205473491885727,"real"
"CGGGACGCCCACAGACGG",7,272,0.78260294117647,0.301128394458497,0.0357142857142857,0.102941176470588,64.084,0.236057229231505,195,0.998659951351854,0.0102040816326531,0.317,0.167236714264081,"real"
"GTTGTGATATTGCGCCCA",8,272,0.634088235294118,0.329838687740937,0.0284621239434363,0.224264705882353,56.876,0.209730943996204,105,0.801602679429566,0.220125786163522,0.203,0.221410594586468,"real"
"AACTGATTTTGGAGGTTG",9,272,0.419117647058824,0.279541328196738,0.0287087912087912,0.150735294117647,31.86,0.117380900287433,105,1,0.00952380952380952,0.4065,0.0895658832852094,"real"
"ACTGCCACCGCACACCTC",1,272,0.885632352941176,0.214649549415026,0.114864864864865,0,51.716,0.19062412145779,222,1,0.0045045045045045,0.673,0.0598460503473888,"shipped_shape0.5"
"TCTCAAAGATCGCCTCGA",2,272,0.812705882352941,0.213908385250516,0.118055555555556,0,48.152,0.188255902693903,216,0.999999999999998,0.00462962962962963,0.6915,0.0646251320152277,"shipped_shape0.5"
"TGCGACTACGCGCCCTTG",3,272,0.834308823529412,0.212663395520845,0.105771675565726,0,48.268,0.177796541627493,209,0.999999999999997,0.00478468899521531,0.6935,0.0646398653352036,"shipped_shape0.5"
"GGATTTCTGCTTTCCCAG",4,272,0.830897058823529,0.213932387216934,0.110576923076923,0,48.34,0.177951969054302,208,0.999999999999999,0.00480769230769231,0.72,0.0629968133591849,"shipped_shape0.5"
"TCCGCGGCCGCTCGCCGG",5,272,0.794705882352941,0.221147949075464,0.116161616161616,0,47.792,0.175957636130313,199,1,0.0050251256281407,0.691,0.0671131832041033,"shipped_shape0.5"
"AACCACACCCACCACCTA",6,272,0.794220588235294,0.213144740990029,0.123115577889447,0,46.052,0.16970105268004,199,1,0.0050251256281407,0.6865,0.0657100027738502,"shipped_shape0.5"
"CGGGACGCCCACAGACGG",7,272,0.78260294117647,0.214419762750461,0.114795918367347,0,45.64,0.168110507358703,195,0.998659951351854,0.0102040816326531,0.7005,0.0684121568340947,"shipped_shape0.5"
"GTTGTGATATTGCGCCCA",8,272,0.634088235294118,0.217707631082984,0.125786163522013,0,37.572,0.13856267805198,159,0.999999999999999,0.00628930817610063,0.6755,0.0698583542424053,"shipped_shape0.5"
"AACTGATTTTGGAGGTTG",9,272,0.419117647058824,0.209716228072615,0.104761904761905,0,23.896,0.0880394763520836,105,1,0.00952380952380952,0.599,0.0828680287061485,"shipped_shape0.5"
"ACTGCCACCGCACACCTC",1,272,0.885632352941176,0.234835406361127,0,0.106617647058824,56.58,0.208564405755086,220,0.997688342740888,0.00900900900900901,0.596,0.0569269224321738,"fitted_shape"
"TCTCAAAGATCGCCTCGA",2,272,0.812705882352941,0.23565257023577,0.00462962962962963,0.102941176470588,51.552,0.2014064854749,215,0.998806009854213,0.00925925925925926,0.584,0.0608165038609715,"fitted_shape"
"TGCGACTACGCGCCCTTG",3,272,0.834308823529412,0.236854385297978,0.00478468899521531,0.0955882352941176,53.776,0.19811263717268,209,0.999999999999997,0.00478468899521531,0.578,0.0604725822124514,"fitted_shape"
"GGATTTCTGCTTTCCCAG",4,272,0.830897058823529,0.236913441861061,0,0.113970588235294,53.564,0.197187996754915,208,0.999999999999999,0.00480769230769231,0.5905,0.0611620949291228,"fitted_shape"
"TCCGCGGCCGCTCGCCGG",5,272,0.794705882352941,0.237901928603449,0.0050251256281407,0.106617647058824,51.412,0.189311068819412,199,1,0.0050251256281407,0.5125,0.0557884832344567,"fitted_shape"
"AACCACACCCACCACCTA",6,272,0.794220588235294,0.237885398045161,0.0050251256281407,0.106617647058824,51.384,0.189375505540845,198,0.998683940647127,0.0100502512562814,0.574,0.0591943146964882,"fitted_shape"
"CGGGACGCCCACAGACGG",7,272,0.78260294117647,0.238092649827576,0.00510204081632653,0.102941176470588,50.68,0.186648933722212,195,0.998659951351854,0.0102040816326531,0.5245,0.0607199587695116,"fitted_shape"
"GTTGTGATATTGCGCCCA",8,272,0.634088235294118,0.234884908862092,0.00628930817610063,0.102941176470588,40.548,0.149531879294925,157,0.996559874832096,0.0125786163522013,0.516,0.0655462440299186,"fitted_shape"
"AACTGATTTTGGAGGTTG",9,272,0.419117647058824,0.238171272888439,0.00952380952380952,0.110294117647059,27.172,0.100109320179991,105,1,0.00952380952380952,0.4875,0.073467762362038,"fitted_shape"
"ACTGCCACCGCACACCTC",1,272,0.885632352941176,0.302273746101206,0.0315315315315315,0.113970588235294,72.836,0.268505667296805,220,0.997688342740888,0.00900900900900901,0.327,0.0460872489645249,"empirical_rates"
"TCTCAAAGATCGCCTCGA",2,272,0.812705882352941,0.300035615582667,0.0324074074074074,0.0845588235294118,67.512,0.264161409045313,213,0.996418029562641,0.00925925925925926,0.2835,0.0504133337347171,"empirical_rates"
"TGCGACTACGCGCCCTTG",3,272,0.834308823529412,0.30284890164261,0.0430622009569378,0.0955882352941176,68.74,0.253231026185205,209,0.999999999999997,0.00478468899521531,0.2735,0.0449187056401576,"empirical_rates"
"GGATTTCTGCTTTCCCAG",4,272,0.830897058823529,0.301243914298004,0.03125,0.102941176470588,68.092,0.250662666359566,207,0.99875132005868,0.00961538461538462,0.2865,0.0472911835430014,"empirical_rates"
"TCCGCGGCCGCTCGCCGG",5,272,0.794705882352941,0.299884080681919,0.0352647073752601,0.0698529411764706,64.824,0.238725629471487,199,1,0.0050251256281407,0.259,0.0484061402819553,"empirical_rates"
"AACCACACCCACCACCTA",6,272,0.794220588235294,0.299343386658907,0.0354432651386966,0.0845588235294118,64.676,0.238303912945559,199,1,0.0050251256281407,0.27,0.0480763165820198,"empirical_rates"
"CGGGACGCCCACAGACGG",7,272,0.78260294117647,0.298180826652628,0.0306122448979592,0.0477941176470588,63.504,0.23393549386444,195,0.998659951351854,0.0102040816326531,0.288,0.0493774199231469,"empirical_rates"
"GTTGTGATATTGCGCCCA",8,272,0.634088235294118,0.298628430103844,0.0377358490566038,0.0661764705882353,51.5,0.189914204630883,158,0.998279937416047,0.0125786163522013,0.282,0.0567311150428733,"empirical_rates"
"AACTGATTTTGGAGGTTG",9,272,0.419117647058824,0.29860081646901,0.0380952380952381,0.113970588235294,34.08,0.125567984076829,105,1,0.00952380952380952,0.2445,0.0613328419293354,"empirical_rates"
