"integration","integration_index","sites","observed_fraction","site_rate_mean","site_rate_median","site_rate_saturated","edits_per_cell_mean","edited_fraction","alleles","normalised_entropy","top_allele_fraction","incompatible_fraction","mean_abs_association","dataset","cells"
"TGGTCGCTGCGCATCAAG",1,272,0.942544117647059,0.318883583326659,0.0357060890136469,0.158088235294118,80.144,0.306751233695758,17,0.0946859285455592,0.914634146341463,0.431,0.0943042289350759,"real_all",250
"ACTGCCACCGCACACCTC",2,272,0.885632352941176,0.294886241984007,0.0270881741469977,0.180147058823529,70.996,0.261719122860391,154,0.866898678494905,0.0855855855855856,0.2465,0.143195019748126,"real_all",250
"TAACCATTGTGATGGGGA",3,272,0.8495,0.300752968095939,0.0235295420320666,0.191176470588235,69.428,0.256014825655067,178,0.92702828668827,0.0892018779342723,0.3665,0.0641082372540116,"real_all",250
"TCTCAAAGATCGCCTCGA",4,272,0.812705882352941,0.301000003185607,0.0371124031007752,0.139705882352941,67.112,0.262314236194138,208,0.989997414714334,0.0138888888888889,0.332,0.138162724035932,"real_all",250
"AAGCGCCGCTCCAGTTGA",5,272,0.878882352941176,0.321088144956829,0.0454545454545455,0.110294117647059,76.764,0.282588194033397,210,0.987435138823469,0.0136363636363636,0.2615,0.235983490049864,"real_all",250
"GAACTTATCGACTACACT",6,272,0.832955882352941,0.294165818771741,0.0333333333333333,0.165441176470588,66.588,0.2467829489673,203,0.991357979660619,0.00952380952380952,0.4125,0.0703610822192744,"real_all",250
"AGGGCCGGAATCAGGCGC",7,272,0.855514705882353,0.279113379510704,0.0187354657540257,0.198529411764706,64.92,0.239895457823774,122,0.781426098455753,0.13953488372093,0.1895,0.18758523486989,"real_all",250
"CCCGTCTCTCAGATACGA",8,272,0.842558823529412,0.313357868209403,0.033175355450237,0.216911764705882,71.78,0.264334467058393,193,0.972768329833543,0.023696682464455,0.233,0.188689854410085,"real_all",250
"AGGACACGTGAACATAGA",9,272,0.833073529411765,0.305527378889065,0.0263732977548767,0.227941176470588,69.26,0.255516967546538,128,0.796396899987786,0.172248803827751,0.2185,0.204501445136999,"real_all",250
"GTGAGCGCAACCGGCAAG",10,272,0.827602941176471,0.31256575128138,0.0386473429951691,0.205882352941176,70.348,0.258754358721042,207,0.999999999999999,0.00483091787439614,0.237,0.173491346109835,"real_all",250
"TGCGACTACGCGCCCTTG",11,272,0.834308823529412,0.310296431776291,0.0191387559808612,0.238970588235294,70.432,0.259474840199395,192,0.976081192763502,0.0143540669856459,0.2435,0.055775301795754,"real_all",250
"TGCCCCGCTGCGGAGCGA",12,272,0.842779411764706,0.312075025242262,0.033175355450237,0.231617647058824,71.532,0.263364772580789,210,0.998772367411154,0.00947867298578199,0.3215,0.0548385473152022,"real_all",250
"CACCGAACTAACCATCCC",13,272,0.765985294117647,0.321810204277791,0.0261780104712042,0.224264705882353,67.004,0.246941501007993,162,0.947113319335428,0.0416666666666667,0.332,0.065398397166457,"real_all",250
"GGATTTCTGCTTTCCCAG",14,272,0.830897058823529,0.306124848888556,0.0288461538461538,0.205882352941176,69.172,0.254646149050038,203,0.9937566002934,0.00961538461538462,0.249,0.183746364907471,"real_all",250
"CAAGCCTAAACCTCGTGA",15,272,0.763073529411765,0.279947687296449,0.031413612565445,0.0257352941176471,58.092,0.213822445925772,191,0.999999999999999,0.00523560209424084,0.332,0.180025926890279,"real_all",250
"TGCGTGTTGTTTCTTGTA",16,272,0.825926470588235,0.309361117894578,0.058252427184466,0.172794117647059,69.456,0.255945371090029,176,0.944102571735913,0.0386473429951691,0.3155,0.172881476489444,"real_all",250
"CTCTACACGAAACCCCCT",17,272,0.7505,0.332857794025662,0.0346598020252588,0.246323529411765,67.96,0.250358476808229,157,0.938864182540517,0.0531914893617021,0.361,0.0573349015901407,"real_all",250
"TCCGCGGCCGCTCGCCGG",18,272,0.794705882352941,0.311372642822564,0.0326633165829146,0.106617647058824,67.316,0.247896976592972,191,0.987981310040595,0.0150753768844221,0.196,0.216323856802498,"real_all",250
"AACCACACCCACCACCTA",19,272,0.794220588235294,0.296947212145802,0.0226638241713619,0.213235294117647,64.16,0.236441701114348,192,0.990290846151065,0.0150753768844221,0.1815,0.210738222611589,"real_all",250
"AGTTATCCTAGTTATAAT",20,272,0.763279411764706,0.303925311575329,0.031413612565445,0.213235294117647,63.1,0.232197589537998,185,0.990326741301987,0.0209424083769634,0.213,0.174749728912278,"real_all",250
"AAAGGCATCCATCATGGC",21,272,0.760044117647059,0.286392911858278,0.03125,0.0514705882352941,58.832,0.21849138781623,179,0.97169613496156,0.0520833333333333,0.282,0.24122555498503,"real_all",250
"CTAAACGCATAGTGATGC",22,272,0.775882352941176,0.316974862296823,0.0206719726510336,0.238970588235294,66.896,0.245978381528913,194,1,0.00515463917525773,0.321,0.0560915150285658,"real_all",250
"CGGGACGCCCACAGACGG",23,272,0.78260294117647,0.301128394458497,0.0357142857142857,0.102941176470588,64.084,0.236057229231505,195,0.998659951351854,0.0102040816326531,0.318,0.148016446667535,"real_all",250
"TTTAATAACTACCCTTCC",24,272,0.641073529411765,0.288087846999567,0.0562934851359899,0.113821138211382,50.936,0.218501901385376,171,0.96547146799249,0.053475935828877,0.3785,0.109607788274083,"real_all",250
"GCCGCTCGATGCGAGAAG",25,272,0.711514705882353,0.315483155572438,0.0337078651685393,0.213235294117647,61.06,0.224635260516042,178,0.999999999999999,0.00561797752808989,0.4125,0.065233331824064,"real_all",250
"GCCGGAGCCAACCTGGGA",26,272,0.732676470588235,0.276790272843535,0.0540540540540541,0.128676470588235,55.06,0.204342307283105,179,0.990845592112023,0.0162162162162162,0.5255,0.0744697843938882,"real_all",250
"GCGACCCGGTAGAATACG",27,272,0.71125,0.335763589366513,0.0309782263695804,0.198529411764706,64.936,0.238964906518391,171,0.985338498414297,0.0337078651685393,0.25,0.205196284659826,"real_all",250
"GTGCACTCGGGGGGGTGT",28,272,0.71314705882353,0.305459530918903,0.0227936879018118,0.242647058823529,59.224,0.218615177807427,125,0.85955048455532,0.122905027932961,0.3755,0.0599433320664488,"real_all",250
"GTTGTGATATTGCGCCCA",29,272,0.634088235294118,0.329838687740937,0.0284621239434363,0.224264705882353,56.876,0.209730943996204,105,0.801602679429566,0.220125786163522,0.2035,0.211861702801784,"real_all",250
"GCCGGACGGTATTAGAAC",30,272,0.627308823529412,0.319793018616465,0.0254777070063694,0.198529411764706,54.58,0.200877756689736,151,0.988862845037945,0.0191082802547771,0.1555,0.212171571752468,"real_all",250
"GGACATAGGCTGTGCGTA",31,272,0.598647058823529,0.263656125335369,0.0335570469798658,0.0404411764705882,42.892,0.15801925630994,143,0.986392532321995,0.02,0.361,0.184228216628557,"real_all",250
"CACCCGACCTACCGCGTC",32,272,0.594691176470588,0.320160537505685,0.0370261200798114,0.194852941176471,51.8,0.190857698255216,135,0.968508240988716,0.0335570469798658,0.4055,0.0874593871590711,"real_all",250
"AACTGATTTTGGAGGTTG",33,272,0.419117647058824,0.279541328196738,0.0287087912087912,0.150735294117647,31.86,0.117380900287433,105,1,0.00952380952380952,0.42,0.0843659972944064,"real_all",250
"TGCGGTATAACCGAGCAG",34,272,0.171647058823529,0.390968164066534,0.0465116279069767,0.319852941176471,18.248,0.0672211050572197,42,0.991428426365177,0.0465116279069767,0.376,0.144107106700266,"real_all",250
"TGGTCGCTGCGCATCAAG",1,272,0.942544117647059,0.212491235658068,0.105356943980399,0,54.684,0.209969424303115,243,0.996929153369998,0.00813008130081301,0.6965,0.0680457718244488,"shipped_shape0.5",250
"ACTGCCACCGCACACCTC",2,272,0.885632352941176,0.217354936921314,0.112612612612613,0,52.376,0.19308264935546,221,0.998844171370446,0.00900900900900901,0.687,0.0659501777293975,"shipped_shape0.5",250
"TCTCAAAGATCGCCTCGA",3,272,0.812705882352941,0.216420191125433,0.116381008668243,0,48.724,0.190639990593246,215,0.998806009854213,0.00925925925925926,0.6605,0.0725690996312383,"shipped_shape0.5",250
"TGCGACTACGCGCCCTTG",4,272,0.834308823529412,0.215989730014556,0.110047846889952,0,49.02,0.180583829410726,209,0.999999999999997,0.00478468899521531,0.6765,0.0657428741769338,"shipped_shape0.5",250
"GGATTTCTGCTTTCCCAG",5,272,0.830897058823529,0.215025271943673,0.113789868667917,0,48.592,0.178866241989222,207,0.99875132005868,0.00961538461538462,0.705,0.0686851720220216,"shipped_shape0.5",250
"TCCGCGGCCGCTCGCCGG",6,272,0.794705882352941,0.216304002826477,0.113636363636364,0,46.752,0.172139199829918,197,0.997367881294249,0.0100502512562814,0.732,0.0727653242457795,"shipped_shape0.5",250
"AACCACACCCACCACCTA",7,272,0.794220588235294,0.214002717655522,0.103535353535354,0,46.236,0.17032042350347,199,1,0.0050251256281407,0.6745,0.0670823187001392,"shipped_shape0.5",250
"CGGGACGCCCACAGACGG",8,272,0.78260294117647,0.221968574305218,0.109968602825746,0,47.248,0.174017396322816,195,0.998659951351854,0.0102040816326531,0.683,0.0690033383834412,"shipped_shape0.5",250
"GTTGTGATATTGCGCCCA",9,272,0.634088235294118,0.210692748895883,0.10377358490566,0,36.364,0.134093042094263,159,0.999999999999999,0.00628930817610063,0.67,0.0715869876402224,"shipped_shape0.5",250
"AACTGATTTTGGAGGTTG",10,272,0.419117647058824,0.219869604506115,0.133333333333333,0,25.052,0.092278723828806,105,1,0.00952380952380952,0.6395,0.0927891956776963,"shipped_shape0.5",250
"TGGTCGCTGCGCATCAAG",1,272,0.942544117647059,0.234576333951403,0.00410693202900995,0.110294117647059,60.384,0.231816397602778,234,0.986306640646327,0.016260162601626,0.501,0.0599448912241288,"fitted_shape",250
"ACTGCCACCGCACACCTC",2,272,0.885632352941176,0.235207639883216,0.0045045045045045,0.110294117647059,56.668,0.208888912198426,221,0.998844171370446,0.00900900900900901,0.53,0.0615359660492496,"fitted_shape",250
"TCTCAAAGATCGCCTCGA",3,272,0.812705882352941,0.232848558648701,0.00462962962962963,0.0992647058823529,51.052,0.19945749396799,215,0.998806009854213,0.00925925925925926,0.478,0.0606602293216691,"fitted_shape",250
"TGCGACTACGCGCCCTTG",4,272,0.834308823529412,0.237294983486648,0,0.102941176470588,53.872,0.198466118191657,207,0.9975168205279,0.00956937799043062,0.6315,0.0645888617567901,"fitted_shape",250
"GGATTTCTGCTTTCCCAG",5,272,0.830897058823529,0.236983130996335,0.00480769230769231,0.0992647058823529,53.58,0.197248046486529,207,0.99875132005868,0.00961538461538462,0.5895,0.0638357967051197,"fitted_shape",250
"TCCGCGGCCGCTCGCCGG",6,272,0.794705882352941,0.238137727895883,0.0050251256281407,0.0992647058823529,51.464,0.189508486293311,199,1,0.0050251256281407,0.5485,0.0648980190692613,"fitted_shape",250
"AACCACACCCACCACCTA",7,272,0.794220588235294,0.236479741233781,0.0050251256281407,0.106617647058824,51.084,0.188216937609882,198,0.998683940647127,0.0100502512562814,0.4825,0.0605420508390522,"fitted_shape",250
"CGGGACGCCCACAGACGG",8,272,0.78260294117647,0.233956741895807,0,0.0845588235294118,49.8,0.183416103260457,195,0.998659951351854,0.0102040816326531,0.609,0.0645101786102998,"fitted_shape",250
"GTTGTGATATTGCGCCCA",9,272,0.634088235294118,0.234071204328795,0.00628930817610063,0.0992647058823529,40.408,0.149017000782264,159,0.999999999999999,0.00628930817610063,0.54,0.0670078759599451,"fitted_shape",250
"AACTGATTTTGGAGGTTG",10,272,0.419117647058824,0.233722930813605,0,0.113970588235294,26.664,0.098238598008294,105,1,0.00952380952380952,0.475,0.0822203855052758,"fitted_shape",250
