"dataset","edits"
"real",497
"real",576
"real",589
"real",471
"real",781
"real",818
"real",407
"real",741
"real",811
"real",638
"real",722
"real",574
"real",693
"real",575
"real",594
"real",465
"real",751
"real",752
"real",829
"real",602
"real",558
"real",817
"real",567
"real",810
"real",642
"real",619
"real",643
"real",573
"real",566
"real",694
"real",835
"real",496
"real",748
"real",572
"real",562
"real",817
"real",574
"real",728
"real",502
"real",423
"real",552
"real",713
"real",670
"real",792
"real",568
"real",632
"real",574
"real",401
"real",669
"real",775
"real",577
"real",707
"real",806
"real",666
"real",578
"real",615
"real",311
"real",745
"real",487
"real",748
"real",542
"real",768
"real",749
"real",561
"real",856
"real",672
"real",714
"real",565
"real",589
"real",567
"real",737
"real",581
"real",341
"real",744
"real",477
"real",808
"real",735
"real",583
"real",773
"real",686
"real",724
"real",569
"real",764
"real",421
"real",248
"real",817
"real",551
"real",576
"real",341
"real",665
"real",420
"real",631
"real",637
"real",655
"real",635
"real",490
"real",767
"real",764
"real",619
"real",832
"real",701
"real",690
"real",753
"real",738
"real",588
"real",742
"real",672
"real",730
"real",558
"real",673
"real",428
"real",582
"real",735
"real",708
"real",516
"real",734
"real",574
"real",714
"real",713
"real",754
"real",530
"real",735
"real",655
"real",580
"real",800
"real",424
"real",678
"real",481
"real",714
"real",482
"real",757
"real",567
"real",499
"real",709
"real",834
"real",499
"real",578
"real",817
"real",637
"real",600
"real",507
"real",665
"real",671
"real",669
"real",754
"real",591
"real",745
"real",636
"real",325
"real",572
"real",733
"real",673
"real",556
"real",602
"real",566
"real",702
"real",488
"real",736
"real",753
"real",573
"real",673
"real",651
"real",567
"real",516
"real",810
"real",699
"real",840
"real",588
"real",685
"real",657
"real",671
"real",609
"real",862
"real",750
"real",740
"real",82
"real",572
"real",672
"real",835
"real",822
"real",679
"real",744
"real",523
"real",706
"real",498
"real",669
"real",863
"real",583
"real",732
"real",581
"real",680
"real",632
"real",672
"real",670
"real",809
"real",261
"real",799
"real",571
"real",721
"real",773
"real",554
"real",552
"real",742
"real",659
"real",707
"real",655
"real",718
"real",746
"real",802
"real",653
"real",634
"real",746
"real",674
"real",729
"real",574
"real",556
"real",646
"real",745
"real",668
"real",621
"real",738
"real",598
"real",558
"real",627
"real",755
"real",632
"real",638
"real",656
"real",563
"real",585
"real",585
"real",588
"real",750
"real",671
"real",762
"real",454
"real",728
"real",572
"real",668
"real",682
"real",836
"real",589
"real",552
"real",656
"real",739
"real",793
"real",427
"real",497
"real",501
"real",502
"shipped_shape0.5",333
"shipped_shape0.5",400
"shipped_shape0.5",415
"shipped_shape0.5",363
"shipped_shape0.5",498
"shipped_shape0.5",549
"shipped_shape0.5",292
"shipped_shape0.5",529
"shipped_shape0.5",582
"shipped_shape0.5",424
"shipped_shape0.5",531
"shipped_shape0.5",405
"shipped_shape0.5",527
"shipped_shape0.5",379
"shipped_shape0.5",430
"shipped_shape0.5",336
"shipped_shape0.5",498
"shipped_shape0.5",545
"shipped_shape0.5",599
"shipped_shape0.5",419
"shipped_shape0.5",426
"shipped_shape0.5",580
"shipped_shape0.5",392
"shipped_shape0.5",590
"shipped_shape0.5",480
"shipped_shape0.5",463
"shipped_shape0.5",447
"shipped_shape0.5",414
"shipped_shape0.5",390
"shipped_shape0.5",463
"shipped_shape0.5",575
"shipped_shape0.5",319
"shipped_shape0.5",511
"shipped_shape0.5",406
"shipped_shape0.5",401
"shipped_shape0.5",589
"shipped_shape0.5",405
"shipped_shape0.5",538
"shipped_shape0.5",349
"shipped_shape0.5",295
"shipped_shape0.5",405
"shipped_shape0.5",536
"shipped_shape0.5",488
"shipped_shape0.5",544
"shipped_shape0.5",427
"shipped_shape0.5",466
"shipped_shape0.5",408
"shipped_shape0.5",281
"shipped_shape0.5",455
"shipped_shape0.5",574
"shipped_shape0.5",424
"shipped_shape0.5",505
"shipped_shape0.5",550
"shipped_shape0.5",460
"shipped_shape0.5",385
"shipped_shape0.5",441
"shipped_shape0.5",215
"shipped_shape0.5",496
"shipped_shape0.5",341
"shipped_shape0.5",518
"shipped_shape0.5",415
"shipped_shape0.5",536
"shipped_shape0.5",545
"shipped_shape0.5",384
"shipped_shape0.5",604
"shipped_shape0.5",445
"shipped_shape0.5",494
"shipped_shape0.5",371
"shipped_shape0.5",419
"shipped_shape0.5",423
"shipped_shape0.5",503
"shipped_shape0.5",412
"shipped_shape0.5",246
"shipped_shape0.5",510
"shipped_shape0.5",336
"shipped_shape0.5",591
"shipped_shape0.5",524
"shipped_shape0.5",401
"shipped_shape0.5",529
"shipped_shape0.5",446
"shipped_shape0.5",504
"shipped_shape0.5",409
"shipped_shape0.5",520
"shipped_shape0.5",284
"shipped_shape0.5",177
"shipped_shape0.5",576
"shipped_shape0.5",420
"shipped_shape0.5",423
"shipped_shape0.5",243
"shipped_shape0.5",462
"shipped_shape0.5",282
"shipped_shape0.5",450
"shipped_shape0.5",447
"shipped_shape0.5",458
"shipped_shape0.5",460
"shipped_shape0.5",361
"shipped_shape0.5",515
"shipped_shape0.5",512
"shipped_shape0.5",445
"shipped_shape0.5",567
"shipped_shape0.5",495
"shipped_shape0.5",474
"shipped_shape0.5",513
"shipped_shape0.5",521
"shipped_shape0.5",415
"shipped_shape0.5",521
"shipped_shape0.5",482
"shipped_shape0.5",507
"shipped_shape0.5",408
"shipped_shape0.5",450
"shipped_shape0.5",275
"shipped_shape0.5",408
"shipped_shape0.5",533
"shipped_shape0.5",505
"shipped_shape0.5",362
"shipped_shape0.5",531
"shipped_shape0.5",400
"shipped_shape0.5",492
"shipped_shape0.5",517
"shipped_shape0.5",533
"shipped_shape0.5",349
"shipped_shape0.5",514
"shipped_shape0.5",463
"shipped_shape0.5",399
"shipped_shape0.5",575
"shipped_shape0.5",312
"shipped_shape0.5",467
"shipped_shape0.5",344
"shipped_shape0.5",517
"shipped_shape0.5",331
"shipped_shape0.5",557
"shipped_shape0.5",407
"shipped_shape0.5",348
"shipped_shape0.5",502
"shipped_shape0.5",569
"shipped_shape0.5",329
"shipped_shape0.5",408
"shipped_shape0.5",569
"shipped_shape0.5",450
"shipped_shape0.5",445
"shipped_shape0.5",335
"shipped_shape0.5",464
"shipped_shape0.5",478
"shipped_shape0.5",500
"shipped_shape0.5",540
"shipped_shape0.5",405
"shipped_shape0.5",522
"shipped_shape0.5",448
"shipped_shape0.5",241
"shipped_shape0.5",397
"shipped_shape0.5",518
"shipped_shape0.5",464
"shipped_shape0.5",408
"shipped_shape0.5",392
"shipped_shape0.5",434
"shipped_shape0.5",513
"shipped_shape0.5",330
"shipped_shape0.5",503
"shipped_shape0.5",525
"shipped_shape0.5",412
"shipped_shape0.5",513
"shipped_shape0.5",443
"shipped_shape0.5",412
"shipped_shape0.5",366
"shipped_shape0.5",584
"shipped_shape0.5",517
"shipped_shape0.5",549
"shipped_shape0.5",415
"shipped_shape0.5",452
"shipped_shape0.5",491
"shipped_shape0.5",513
"shipped_shape0.5",458
"shipped_shape0.5",559
"shipped_shape0.5",537
"shipped_shape0.5",534
"shipped_shape0.5",61
"shipped_shape0.5",399
"shipped_shape0.5",457
"shipped_shape0.5",563
"shipped_shape0.5",590
"shipped_shape0.5",517
"shipped_shape0.5",514
"shipped_shape0.5",336
"shipped_shape0.5",487
"shipped_shape0.5",375
"shipped_shape0.5",452
"shipped_shape0.5",560
"shipped_shape0.5",383
"shipped_shape0.5",520
"shipped_shape0.5",407
"shipped_shape0.5",490
"shipped_shape0.5",445
"shipped_shape0.5",449
"shipped_shape0.5",473
"shipped_shape0.5",584
"shipped_shape0.5",175
"shipped_shape0.5",603
"shipped_shape0.5",379
"shipped_shape0.5",505
"shipped_shape0.5",495
"shipped_shape0.5",386
"shipped_shape0.5",375
"shipped_shape0.5",566
"shipped_shape0.5",457
"shipped_shape0.5",520
"shipped_shape0.5",451
"shipped_shape0.5",509
"shipped_shape0.5",553
"shipped_shape0.5",571
"shipped_shape0.5",473
"shipped_shape0.5",446
"shipped_shape0.5",522
"shipped_shape0.5",499
"shipped_shape0.5",525
"shipped_shape0.5",407
"shipped_shape0.5",414
"shipped_shape0.5",453
"shipped_shape0.5",524
"shipped_shape0.5",460
"shipped_shape0.5",477
"shipped_shape0.5",505
"shipped_shape0.5",387
"shipped_shape0.5",419
"shipped_shape0.5",467
"shipped_shape0.5",519
"shipped_shape0.5",442
"shipped_shape0.5",470
"shipped_shape0.5",433
"shipped_shape0.5",383
"shipped_shape0.5",389
"shipped_shape0.5",391
"shipped_shape0.5",405
"shipped_shape0.5",521
"shipped_shape0.5",457
"shipped_shape0.5",537
"shipped_shape0.5",336
"shipped_shape0.5",525
"shipped_shape0.5",403
"shipped_shape0.5",456
"shipped_shape0.5",450
"shipped_shape0.5",624
"shipped_shape0.5",406
"shipped_shape0.5",427
"shipped_shape0.5",478
"shipped_shape0.5",535
"shipped_shape0.5",547
"shipped_shape0.5",298
"shipped_shape0.5",322
"shipped_shape0.5",330
"shipped_shape0.5",350
"fitted_shape",385
"fitted_shape",437
"fitted_shape",452
"fitted_shape",376
"fitted_shape",593
"fitted_shape",618
"fitted_shape",309
"fitted_shape",567
"fitted_shape",621
"fitted_shape",496
"fitted_shape",574
"fitted_shape",447
"fitted_shape",563
"fitted_shape",425
"fitted_shape",469
"fitted_shape",376
"fitted_shape",579
"fitted_shape",576
"fitted_shape",622
"fitted_shape",442
"fitted_shape",441
"fitted_shape",638
"fitted_shape",436
"fitted_shape",626
"fitted_shape",522
"fitted_shape",488
"fitted_shape",503
"fitted_shape",470
"fitted_shape",452
"fitted_shape",505
"fitted_shape",642
"fitted_shape",367
"fitted_shape",571
"fitted_shape",449
"fitted_shape",441
"fitted_shape",652
"fitted_shape",464
"fitted_shape",573
"fitted_shape",374
"fitted_shape",311
"fitted_shape",433
"fitted_shape",553
"fitted_shape",517
"fitted_shape",553
"fitted_shape",452
"fitted_shape",496
"fitted_shape",437
"fitted_shape",304
"fitted_shape",520
"fitted_shape",616
"fitted_shape",449
"fitted_shape",537
"fitted_shape",629
"fitted_shape",524
"fitted_shape",437
"fitted_shape",492
"fitted_shape",245
"fitted_shape",569
"fitted_shape",378
"fitted_shape",569
"fitted_shape",449
"fitted_shape",573
"fitted_shape",568
"fitted_shape",419
"fitted_shape",654
"fitted_shape",520
"fitted_shape",547
"fitted_shape",430
"fitted_shape",458
"fitted_shape",451
"fitted_shape",552
"fitted_shape",447
"fitted_shape",253
"fitted_shape",591
"fitted_shape",371
"fitted_shape",635
"fitted_shape",583
"fitted_shape",440
"fitted_shape",585
"fitted_shape",517
"fitted_shape",554
"fitted_shape",452
"fitted_shape",590
"fitted_shape",318
"fitted_shape",183
"fitted_shape",637
"fitted_shape",431
"fitted_shape",459
"fitted_shape",260
"fitted_shape",502
"fitted_shape",318
"fitted_shape",501
"fitted_shape",509
"fitted_shape",497
"fitted_shape",510
"fitted_shape",396
"fitted_shape",595
"fitted_shape",574
"fitted_shape",485
"fitted_shape",643
"fitted_shape",553
"fitted_shape",511
"fitted_shape",556
"fitted_shape",568
"fitted_shape",447
"fitted_shape",567
"fitted_shape",517
"fitted_shape",561
"fitted_shape",445
"fitted_shape",510
"fitted_shape",325
"fitted_shape",446
"fitted_shape",585
"fitted_shape",575
"fitted_shape",373
"fitted_shape",553
"fitted_shape",446
"fitted_shape",572
"fitted_shape",566
"fitted_shape",580
"fitted_shape",386
"fitted_shape",575
"fitted_shape",518
"fitted_shape",439
"fitted_shape",645
"fitted_shape",329
"fitted_shape",503
"fitted_shape",381
"fitted_shape",565
"fitted_shape",386
"fitted_shape",573
"fitted_shape",457
"fitted_shape",396
"fitted_shape",562
"fitted_shape",655
"fitted_shape",374
"fitted_shape",430
"fitted_shape",643
"fitted_shape",519
"fitted_shape",504
"fitted_shape",380
"fitted_shape",493
"fitted_shape",503
"fitted_shape",519
"fitted_shape",577
"fitted_shape",458
"fitted_shape",566
"fitted_shape",530
"fitted_shape",268
"fitted_shape",474
"fitted_shape",565
"fitted_shape",512
"fitted_shape",431
"fitted_shape",439
"fitted_shape",447
"fitted_shape",556
"fitted_shape",388
"fitted_shape",569
"fitted_shape",568
"fitted_shape",438
"fitted_shape",510
"fitted_shape",495
"fitted_shape",444
"fitted_shape",388
"fitted_shape",639
"fitted_shape",581
"fitted_shape",642
"fitted_shape",440
"fitted_shape",513
"fitted_shape",503
"fitted_shape",559
"fitted_shape",497
"fitted_shape",649
"fitted_shape",589
"fitted_shape",577
"fitted_shape",58
"fitted_shape",453
"fitted_shape",515
"fitted_shape",649
"fitted_shape",649
"fitted_shape",586
"fitted_shape",541
"fitted_shape",391
"fitted_shape",565
"fitted_shape",392
"fitted_shape",527
"fitted_shape",649
"fitted_shape",437
"fitted_shape",564
"fitted_shape",437
"fitted_shape",530
"fitted_shape",490
"fitted_shape",490
"fitted_shape",496
"fitted_shape",624
"fitted_shape",190
"fitted_shape",614
"fitted_shape",440
"fitted_shape",552
"fitted_shape",590
"fitted_shape",433
"fitted_shape",418
"fitted_shape",584
"fitted_shape",513
"fitted_shape",580
"fitted_shape",511
"fitted_shape",591
"fitted_shape",576
"fitted_shape",639
"fitted_shape",521
"fitted_shape",510
"fitted_shape",589
"fitted_shape",500
"fitted_shape",582
"fitted_shape",450
"fitted_shape",435
"fitted_shape",493
"fitted_shape",576
"fitted_shape",535
"fitted_shape",495
"fitted_shape",561
"fitted_shape",453
"fitted_shape",427
"fitted_shape",504
"fitted_shape",583
"fitted_shape",509
"fitted_shape",486
"fitted_shape",514
"fitted_shape",430
"fitted_shape",453
"fitted_shape",437
"fitted_shape",439
"fitted_shape",573
"fitted_shape",498
"fitted_shape",573
"fitted_shape",383
"fitted_shape",555
"fitted_shape",436
"fitted_shape",525
"fitted_shape",519
"fitted_shape",639
"fitted_shape",435
"fitted_shape",441
"fitted_shape",539
"fitted_shape",570
"fitted_shape",627
"fitted_shape",301
"fitted_shape",384
"fitted_shape",380
"fitted_shape",389
"empirical_rates",490
"empirical_rates",547
"empirical_rates",564
"empirical_rates",474
"empirical_rates",730
"empirical_rates",786
"empirical_rates",407
"empirical_rates",747
"empirical_rates",790
"empirical_rates",637
"empirical_rates",747
"empirical_rates",567
"empirical_rates",735
"empirical_rates",560
"empirical_rates",573
"empirical_rates",474
"empirical_rates",744
"empirical_rates",734
"empirical_rates",828
"empirical_rates",546
"empirical_rates",577
"empirical_rates",799
"empirical_rates",568
"empirical_rates",804
"empirical_rates",652
"empirical_rates",639
"empirical_rates",620
"empirical_rates",561
"empirical_rates",553
"empirical_rates",626
"empirical_rates",799
"empirical_rates",469
"empirical_rates",715
"empirical_rates",584
"empirical_rates",557
"empirical_rates",799
"empirical_rates",572
"empirical_rates",735
"empirical_rates",478
"empirical_rates",411
"empirical_rates",577
"empirical_rates",713
"empirical_rates",662
"empirical_rates",738
"empirical_rates",563
"empirical_rates",625
"empirical_rates",561
"empirical_rates",396
"empirical_rates",643
"empirical_rates",814
"empirical_rates",565
"empirical_rates",721
"empirical_rates",811
"empirical_rates",651
"empirical_rates",552
"empirical_rates",614
"empirical_rates",320
"empirical_rates",727
"empirical_rates",479
"empirical_rates",743
"empirical_rates",568
"empirical_rates",714
"empirical_rates",738
"empirical_rates",546
"empirical_rates",805
"empirical_rates",643
"empirical_rates",713
"empirical_rates",590
"empirical_rates",564
"empirical_rates",564
"empirical_rates",710
"empirical_rates",562
"empirical_rates",331
"empirical_rates",742
"empirical_rates",478
"empirical_rates",807
"empirical_rates",726
"empirical_rates",552
"empirical_rates",731
"empirical_rates",663
"empirical_rates",704
"empirical_rates",569
"empirical_rates",722
"empirical_rates",417
"empirical_rates",245
"empirical_rates",817
"empirical_rates",545
"empirical_rates",581
"empirical_rates",337
"empirical_rates",656
"empirical_rates",411
"empirical_rates",623
"empirical_rates",620
"empirical_rates",630
"empirical_rates",634
"empirical_rates",490
"empirical_rates",726
"empirical_rates",735
"empirical_rates",634
"empirical_rates",826
"empirical_rates",720
"empirical_rates",642
"empirical_rates",725
"empirical_rates",715
"empirical_rates",571
"empirical_rates",741
"empirical_rates",637
"empirical_rates",728
"empirical_rates",594
"empirical_rates",651
"empirical_rates",405
"empirical_rates",564
"empirical_rates",737
"empirical_rates",727
"empirical_rates",498
"empirical_rates",721
"empirical_rates",555
"empirical_rates",720
"empirical_rates",729
"empirical_rates",737
"empirical_rates",477
"empirical_rates",730
"empirical_rates",634
"empirical_rates",576
"empirical_rates",793
"empirical_rates",399
"empirical_rates",658
"empirical_rates",482
"empirical_rates",721
"empirical_rates",478
"empirical_rates",738
"empirical_rates",564
"empirical_rates",475
"empirical_rates",715
"empirical_rates",814
"empirical_rates",485
"empirical_rates",580
"empirical_rates",801
"empirical_rates",645
"empirical_rates",618
"empirical_rates",484
"empirical_rates",644
"empirical_rates",664
"empirical_rates",649
"empirical_rates",736
"empirical_rates",573
"empirical_rates",717
"empirical_rates",653
"empirical_rates",328
"empirical_rates",558
"empirical_rates",736
"empirical_rates",624
"empirical_rates",540
"empirical_rates",579
"empirical_rates",559
"empirical_rates",714
"empirical_rates",486
"empirical_rates",732
"empirical_rates",725
"empirical_rates",565
"empirical_rates",641
"empirical_rates",659
"empirical_rates",563
"empirical_rates",481
"empirical_rates",821
"empirical_rates",728
"empirical_rates",812
"empirical_rates",576
"empirical_rates",659
"empirical_rates",654
"empirical_rates",722
"empirical_rates",640
"empirical_rates",793
"empirical_rates",718
"empirical_rates",739
"empirical_rates",76
"empirical_rates",580
"empirical_rates",669
"empirical_rates",796
"empirical_rates",802
"empirical_rates",720
"empirical_rates",722
"empirical_rates",490
"empirical_rates",734
"empirical_rates",485
"empirical_rates",644
"empirical_rates",809
"empirical_rates",566
"empirical_rates",717
"empirical_rates",571
"empirical_rates",661
"empirical_rates",620
"empirical_rates",657
"empirical_rates",641
"empirical_rates",780
"empirical_rates",239
"empirical_rates",819
"empirical_rates",564
"empirical_rates",719
"empirical_rates",742
"empirical_rates",547
"empirical_rates",558
"empirical_rates",729
"empirical_rates",646
"empirical_rates",718
"empirical_rates",641
"empirical_rates",712
"empirical_rates",723
"empirical_rates",805
"empirical_rates",646
"empirical_rates",642
"empirical_rates",731
"empirical_rates",663
"empirical_rates",735
"empirical_rates",555
"empirical_rates",575
"empirical_rates",646
"empirical_rates",711
"empirical_rates",642
"empirical_rates",640
"empirical_rates",708
"empirical_rates",554
"empirical_rates",563
"empirical_rates",642
"empirical_rates",725
"empirical_rates",653
"empirical_rates",631
"empirical_rates",661
"empirical_rates",540
"empirical_rates",570
"empirical_rates",566
"empirical_rates",556
"empirical_rates",757
"empirical_rates",643
"empirical_rates",727
"empirical_rates",489
"empirical_rates",720
"empirical_rates",587
"empirical_rates",648
"empirical_rates",642
"empirical_rates",838
"empirical_rates",551
"empirical_rates",562
"empirical_rates",650
"empirical_rates",761
"empirical_rates",797
"empirical_rates",388
"empirical_rates",488
"empirical_rates",471
"empirical_rates",477
