"cell_id","observed","edited","edited_fraction"
"TCTGAGGCACAGCGAC",1630,497,0.304907975460123
"TCGACTGGTGATGGGT",1836,576,0.313725490196078
"ACCACACAGGTTAGTT",2148,664,0.309124767225326
"AACGCAAGTTCGTTGG",1903,589,0.309511297950604
"GCGGCTATCTAACTGG",2448,755,0.308415032679739
"CATAGGCTCCGCGACA",1564,471,0.301150895140665
"ACCACGTAGCTAGGCT",2448,781,0.319035947712418
"TGACCTAAGTGACCGT",2657,818,0.307866014301844
"CATCAATAGTGGGTAG",1332,407,0.305555555555556
"GGGCCTATCTAGTTGG",2420,741,0.306198347107438
"GTTCCGGAGGAACCTC",2648,811,0.306268882175227
"TGTATCCTCTATCGTC",2092,638,0.304971319311663
"TAAACGAAGCTTCCTG",2447,722,0.295055169595423
"AGGCAATAGCGAGTCT",1904,574,0.301470588235294
"GGGACTAAGTTGGTTG",2384,693,0.290687919463087
"CCTTGAAAGGAGCCTT",1865,575,0.308310991957105
"AAACCAAAGGAGTAAC",1896,594,0.313291139240506
"ATCCAATAGCGGTACT",1561,465,0.29788597053171
"CTCGATCCAATGCCCT",2420,751,0.310330578512397
"TCCACTTAGCATCTCT",2176,672,0.308823529411765
"TCTATCTGTCTGGCGT",2425,752,0.310103092783505
"CAGTCCCTCAGGAACG",2701,829,0.306923361717882
"TCTAATGGTTGACGTT",1899,602,0.317008952080042
"GGCTAGAAGCTGGGAA",1904,558,0.293067226890756
"ACATCCCCAGCTAGAT",2683,817,0.304509877003354
"GTGGACAAGAAGCCAG",1871,567,0.30304649919829
"ACAGCCACAATGTCAA",2686,810,0.30156366344006
"GGCAATGAGCGCTTAA",2175,642,0.295172413793103
"TGTCCGCTCCGGTTAA",2106,619,0.293922127255461
"CGATCCCTCACGTAGC",2105,643,0.305463182897862
"GTCCTTTAGGGGCATA",1904,573,0.30094537815126
"CTACTTATCCCGCAAG",1863,566,0.303811057434246
"GCATTACGTTAGTACC",2651,835,0.314975480950585
"GGGCCTTGTAGCCCGT",1604,496,0.309226932668329
"AGTCGAAGTCTCAGTG",2414,748,0.309859154929577
"TAGTTTGGTCATGGTT",1904,572,0.300420168067227
"ACGCTAATCAGGAGAT",1873,562,0.300053390282969
"TCAACTGAGCGCTTAA",2720,817,0.300367647058824
"GGCAATTCATTAGTGA",1904,574,0.301470588235294
"CATCCCGCAAAGGCCC",2420,728,0.300826446280992
"GTGCCCAAGGGTGATG",1601,502,0.313554028732042
"CAAGCGCCAAGTGCGC",1332,423,0.317567567567568
"CTAAGGTCAACGTTCC",1874,552,0.294557097118463
"CTAGTTAGTTCCTGTC",2381,713,0.299454010919782
"CCAATCCCAGCCAGAC",2148,670,0.311918063314711
"CAGCGAGGTTCAAGGA",2418,792,0.327543424317618
"TCCTGGTCAATTCATC",1876,568,0.302771855010661
"TCTATGCTCACATGCA",2105,632,0.300237529691211
"TAAGCACCACAATTAG",1827,574,0.314176245210728
"TGGGTGAAGCTGGCTG",1292,401,0.310371517027864
"CATACCTTCCAGAGAG",2175,669,0.307586206896552
"AACGGCAAGTAGACTT",2691,775,0.287997027127462
"GTCCAAATCGCATGAC",1904,577,0.303046218487395
"GTCCATGGTTGCCTTC",2390,707,0.29581589958159
"GCTGGTTAGTAGGAAC",2634,806,0.305998481397115
"GTTGCCAGTGCAGCCT",2146,666,0.310344827586207
"GGGGATGCAATATGTG",1849,578,0.312601406165495
"TAAGCGAGTTTAGGAG",2111,615,0.291331122690668
"ACACTAGTCGTGAGTC",1058,311,0.293950850661626
"TGTCCAGGTGAGGCAT",2448,745,0.304330065359477
"CTGTTGGGTGATGCGG",1621,487,0.300431832202344
"TCTCGGCTCGCTGAAC",2448,748,0.305555555555556
"CGTCCTGCAAGGGCAG",1903,542,0.28481345244351
"CTGATAGTCTCACCAT",2410,768,0.318672199170124
"ACCGCTAGTCAGTCAT",2446,749,0.306214227309894
"GTTAATGCAAGCTAAC",1841,561,0.304725692558392
"TGCCTAAAGCGATGGA",2718,856,0.314937454010302
"TCGTGTCCAAGTGGTT",2135,672,0.314754098360656
"CGATAACCAGCTCAAG",2321,714,0.307626023265834
"CTAAAGGGTCATCGGC",1869,565,0.302300695559123
"AGCCTGGTCGTACTTC",1904,589,0.309348739495798
"GTTCGTCCAGGAACCC",1903,567,0.297950604308986
"ATCATTCCAAGCTCTC",2371,737,0.31083930830873
"CGGTTATGTGAGCAGT",1904,581,0.305147058823529
"CTGTAACGTCTCAGCA",1087,341,0.313707451701932
"ATAGCCTGTCAAGTCT",2448,744,0.303921568627451
"GCGCCAATCTAATGGT",1593,477,0.299435028248588
"AAGTAACGTTGAAGGC",2691,808,0.300260126347083
"GCGTACCGTGATGAAT",2417,735,0.304095986760447
"TGTCGCCTCGCGTGTG",1876,583,0.310767590618337
"GCGATAAGTAATCACC",2448,773,0.315767973856209
"TGACTGATCGCGATTA",2175,686,0.315402298850575
"ACCATCAAGCGCAACT",2383,724,0.303818715904322
"CCGTCCACATCCATAT",1875,569,0.303466666666667
"CCCATCTGTTTCGGCA",2447,764,0.312219043727013
"GCCCTTGCATGATAGC",1332,421,0.316066066066066
"TGCATATAGGGTCTCG",816,248,0.303921568627451
"GCACTGGTCGCATGGT",2698,817,0.302816901408451
"GTGATTGTCCACCTAT",1839,551,0.299619358346928
"CCTCGTTGTAGTCAAG",1904,576,0.302521008403361
"AAGCCCCGTAACGCGG",1088,341,0.313419117647059
"CATCGTTTCTATCGAG",2148,665,0.309590316573557
"CGCTTAGGTTGAAGGC",1332,420,0.315315315315315
"AACCAACCACCTTAAT",2061,631,0.30616205725376
"ACGGCCATCCAATTCC",2098,637,0.303622497616778
"TGAGTAGGTAACGATG",2108,655,0.310721062618596
"GGAATGGTCCGTCCTA",2148,635,0.295623836126629
"CGCCTAGAGCTTACTC",2448,767,0.313316993464052
"ACACGGGGTGATTCGT",2447,764,0.312219043727013
"CTCATGGGTCAACTCG",2105,619,0.294061757719715
"CTGGACTAGTGACCAC",2719,832,0.30599485104818
"GCTTGTAAGGAATGGT",2366,701,0.296280642434489
"ACCTACTTCATGGCGT",2148,690,0.32122905027933
"GCAATATTCGTCTATC",2416,753,0.311672185430464
"GCCCCATTCTGTAACG",2417,738,0.305337194869673
"ATGACGGAGCGGAGTA",1876,588,0.313432835820896
"CGTCATAAGCTGGTTA",2443,742,0.303724928366762
"CCTAGTAAGTGATGAA",2161,672,0.310967144840352
"AACGTAAAGGATAGCG",2420,730,0.301652892561983
"CTGGCCAAGGCAATGG",1904,558,0.293067226890756
"AGACTTACAAAGGGAC",2148,673,0.313314711359404
"CTCCAAGGTCTCAGCA",1360,428,0.314705882352941
"ATTACCTCAATGCCTC",1902,582,0.305993690851735
"GTAACCATCACGCAAC",2447,735,0.30036779730282
"TGAGCCCGTTGCCTTC",2408,708,0.294019933554817
"GTCCTATTCCATTGCT",1632,516,0.316176470588235
"AAGCCATCACATGATA",2413,734,0.304185661002901
"TCCATAAGTTGCGTGC",1875,574,0.306133333333333
"CGGTTCCTCAATCCCT",2382,714,0.299748110831234
"CTCATTCAGATTCCTC",2448,713,0.291258169934641
"TCTAGTGAGGGTCCTG",2414,754,0.312344656172328
"GCTATTGAGCTACGCG",2386,735,0.308046940486169
"CTAGAAGGTGGCGTGA",2148,655,0.304934823091248
"ACAGGTGAGCATCTCT",1904,580,0.304621848739496
"ATGATGTTCCATCCTG",2677,800,0.298841987299216
"CTCCCTGGTTCGATTA",1358,424,0.312223858615611
"CTATGCAAGCAGGCTT",2144,678,0.316231343283582
"ACTAAGGGTCAACTTA",1632,481,0.294730392156863
"GCTTAATAGTGAATGA",2401,714,0.297376093294461
"CGTGCAACAAATGCAC",1631,482,0.295524218270999
"TATCTGCTCCGTGCGA",2448,757,0.309232026143791
"GTGAAGGTCGTACTTC",1901,567,0.298264071541294
"CTAGTTAGTTCGGGCT",1604,499,0.311097256857855
"CGCATCAGTGATAGTG",2397,709,0.29578639966625
"ATGTTCTCAGGACAGG",2720,834,0.306617647058824
"ACTTGTGAGTGGCAAG",1602,499,0.311485642946317
"AGCCATTGTAATCCAC",1876,578,0.308102345415778
"TCACAATAGTTAGTCG",2687,817,0.304056568663937
"ACATGGCTCTGTCTAC",2137,637,0.298081422554984
"GCTTCCTGTTATGACC",2086,600,0.287631831255992
"GGGAATGTCCATATCC",1604,507,0.316084788029925
"CCATCATTCGCGTGAT",2118,665,0.313975448536355
"CTGTATAGTAATGGAT",2141,671,0.313404950957496
"ATGGACTCATCACGAG",2146,669,0.311742777260019
"TAAGCAGGTGCGGACA",2418,754,0.311827956989247
"TGCTATGAGGTGCTAC",1903,591,0.310562270099842
"AGGTTGCTCCCGTAGG",2381,745,0.312893742125157
"TGGACGTTCGCGTCTC",2445,747,0.305521472392638
"GCAGTAAGTTATGGCT",2139,636,0.297335203366059
"GTCCCTTGTTGCACTG",1088,325,0.298713235294118
"CAGTCAATCAGGCTTA",1901,572,0.300894266175697
"CGCCTGTTCCATAGTG",2419,733,0.303017775940471
"TGTGAAGGTTAGACTC",2147,673,0.313460642757336
"CAGGGCAGTTGTGACT",1832,556,0.303493449781659
"CACCATAAGCAACCCG",1902,602,0.316508937960042
"CGAGCAAAGCTATGCA",1876,566,0.301705756929638
"TCGAGGTTCATGTGCA",2402,702,0.29225645295587
"AGCCAAAGTCAGGGCA",1604,488,0.304239401496259
"CCTGCATCATCCTATG",2394,736,0.307435254803676
"TCGTGTCCAATCATAG",2444,753,0.30810147299509
"GTTGGTCAGTGCTGGT",1876,573,0.30543710021322
"TCCATAAGTTTAGGCT",2174,673,0.309567617295308
"CCGACCTTCGTTCGTT",2126,651,0.30620884289746
"CTGTCAAAGTATGGCC",1904,567,0.297794117647059
"CTTAACCTCAGTAATC",1631,516,0.316370324954016
"CTATTGCTCAGCAATT",2705,810,0.299445471349353
"CTCCAAGGTGGAAGTC",2380,699,0.293697478991597
"AGCATATTCCAGAGCT",2682,840,0.313199105145414
"CCCATATTCCCTGTAT",1873,588,0.313934863854778
"ACCGATGCACTCAACC",2171,685,0.315522800552741
"GGGTTAAGTCAAGTGA",2167,657,0.303184125519151
"TAATCAGCAATCGCAG",2407,671,0.278770253427503
"ACCTCTTAGTCGATTG",2141,609,0.284446520317609
"ACTACCCCATAGACGT",2698,862,0.319495922905856
"GTAGTTTAGCTACGAC",2395,750,0.313152400835073
"GGAGTTAGTTGAATGG",2448,740,0.302287581699346
"AGCCCTAGTTTACGAC",272,82,0.301470588235294
"AGCAAATGTCTGGGCT",1903,572,0.300578034682081
"TGGGCACCATTACCGC",2144,672,0.313432835820896
"CTATTCGCACTCGCTG",2692,835,0.310178306092125
"CTGCCTATCCAGCTAA",2685,822,0.306145251396648
"TCTGCATTCCTCTAGT",2448,679,0.277369281045752
"CCATCTTAGAATCAGA",2403,744,0.309612983770287
"ACCTCCGCAACCATCC",1632,523,0.32046568627451
"GCCCAATAGGGTCATC",2380,706,0.296638655462185
"CAGGTAAGTTGGAATG",1604,498,0.310473815461347
"ACTTTAGGTTAGTGCT",2148,669,0.31145251396648
"GTCTGGGTCCAGGGTT",2676,863,0.322496263079223
"GGGGTCAGTGATCAGA",1875,583,0.310933333333333
"ACTACAACAGTTGGGC",2420,732,0.302479338842975
"CATACCAAGGGTCCTG",1901,581,0.305628616517622
"ATTACCTCATTGCCAC",2176,680,0.3125
"TGTCCAAAGCGCCACA",2080,632,0.303846153846154
"TGAAATGAGCATGCCG",2174,672,0.309107635694572
"AGTTATCAGCATCACA",2143,670,0.312645823611759
"ACAGCGGGTAGGCGTG",2719,809,0.297535858771607
"AAGTGATGTGATTACC",805,261,0.324223602484472
"AGCTAACCAATAGTGC",2690,799,0.297026022304833
"GCCTAACAGGCTCCGA",1874,571,0.304695837780149
"ACCATCCCAACATCGG",2385,721,0.30230607966457
"TGAGGTTCATCACATT",2448,773,0.315767973856209
"TGCCGAACAGCCAGGT",1869,554,0.2964151952916
"CCACGATAGTGAGTAA",1839,552,0.300163132137031
"ACGTAAGGTAAGTGAT",2447,742,0.303228442991418
"ATCCACAAGTAATCAC",2142,659,0.30765639589169
"TCGGGTTAGCAACCAC",2379,707,0.297183690626314
"ATCAGCCAGAACGAAC",2126,655,0.308090310442145
"CCGCGATGTGATCCAT",2416,718,0.297185430463576
"TGGTAAGGTGAAGTGC",2417,746,0.308647083160943
"GGCACATTCAGGCACT",2131,653,0.306428906616612
"GCAATATTCCTCAGTT",2139,634,0.296400187003273
"TCCATTATCAATGTAC",2420,746,0.308264462809917
"AAGCAATGTAAGCAGC",2175,674,0.309885057471264
"ACTGCGCGTGGCGTGA",2448,729,0.297794117647059
"ATAGGCGAGTAGACCC",1873,574,0.306460224239188
"TATACAGCATCCTGCG",1904,556,0.292016806722689
"AAGCCAAGTTGCGACC",2148,646,0.300744878957169
"TGTGCGCGTGCGTAGG",2397,745,0.310805173133083
"GCATCAATCCGCTAGG",2176,668,0.306985294117647
"TATGCCCCATGTCGTC",2104,621,0.295152091254753
"CGATAGCTCACTCCTG",1903,598,0.314240672622176
"ACAGGCTTCCTCTAGT",1867,558,0.29887520085699
"CAACCCTCAATGACGT",2144,627,0.292444029850746
"CTACGCCTCAAGTAGA",2446,755,0.308667211774325
"CTGATTTCACTATCGC",2171,632,0.291110087517273
"CGAACATCAGGGCAGA",2110,638,0.302369668246446
"GGTTAATTCTAACTCC",2176,656,0.301470588235294
"CTCTCGATCCTCTCCT",1836,563,0.306644880174292
"AACGAACAGCCTGCTC",1876,585,0.31183368869936
"CCGCCAAAGCGGTCTG",1875,585,0.312
"CTCGTAGGTTCGAATC",1861,588,0.315959161741
"GTAGGGGCAAGCCTGA",2448,750,0.306372549019608
"GTCGGTTAGGATAGGT",2148,671,0.312383612662942
"CTTGACTTCGATTGAT",2420,762,0.314876033057851
"CGAGTAAGTAGCAGAC",1598,454,0.284105131414268
"GGTATCTGTGGACCCT",2416,728,0.301324503311258
"AAGCGGGCACTTCGAC",1904,572,0.300420168067227
"GCTAAGTCAGTTAGCG",2174,668,0.307267709291628
"AATGGGGTCAGGTTCA",2176,682,0.313419117647059
"AATGGCAGTTCACGCA",2718,836,0.307579102281089
"AGTACGGAGCTTCCAT",1876,589,0.313965884861407
"ACACTCCCACATTCAT",1820,552,0.303296703296703
"GCCACAACAAGTAACC",2176,656,0.301470588235294
"TACCTGTTCAATTCGG",2448,739,0.30187908496732
"ATCCCCTGTTAGCACT",1632,519,0.318014705882353
"CGTACAGCATGCGTTC",1566,494,0.315453384418902
"ACATCCCCACAATGCG",2127,660,0.310296191819464
"CTTATCGCAATTCAGA",1873,598,0.319273892151628
"AGTACACCATCACTAT",2420,759,0.313636363636364
"AGTGGTTCATTAGTGA",1876,559,0.297974413646055
