"seed","metric","empirical","fitted","perfect","diff"
"1","topology_accuracy",0.682089119877311,0.656473545198943,0.979549288574594,0.0256155746783676
"1","triplet_agreement",0.859105274665051,0.845549135835225,1,0.0135561388298264
"1","clade_recall",0.696328404779633,0.670176931532106,1,0.026151473247527
"1","cophenetic_spearman",0.149351393056725,0.232545284466943,0.562935172270951,-0.0831938914102177
"1","ordering_agreement",0.869213090903777,0.900913227755566,0.941735386341921,-0.031700136851789
"1","clone_ari_k5",-0.0159922286119426,-0.0129792650592284,0.46160223708661,-0.00301296355271422
"1","clone_ari_k10",0.0890997018211875,0.291316739900417,0.67354083326808,-0.20221703807923
"1","clone_ari_k20",0.538387466057378,0.619217612868266,1,-0.0808301468108882
"1","clone_ari_k25",0.62935986757175,0.606504077284959,1,0.0228557902867907
"2","topology_accuracy",0.75691189781756,0.64551107982165,0.988325957960374,0.11140081799591
"2","triplet_agreement",0.961442864981455,0.931420391985178,1,0.0300224729962766
"2","clade_recall",0.765853365796783,0.653142896334145,1,0.112710469462639
"2","cophenetic_spearman",0.47076208012741,0.395536516590657,0.631118637843515,0.0752255635367538
"2","ordering_agreement",0.936316383669433,0.929187336212863,0.949788609725994,0.00712904745657061
"2","clone_ari_k5",0.260176213566105,0.275550829999491,0.398104727541764,-0.0153746164333864
"2","clone_ari_k10",0.860013255642888,0.565461418129867,1,0.294551837513022
"2","clone_ari_k20",0.838961937903071,0.734719690987468,1,0.104242246915603
"2","clone_ari_k25",0.926218637933046,0.68185993118037,1,0.244358706752676
"3","topology_accuracy",0.766891440836228,0.745117921937452,0.985417564495821,0.0217735188987755
"3","triplet_agreement",0.879347104669623,0.889907099249908,1,-0.0105599945802852
"3","clade_recall",0.778239191073919,0.756140167364017,1,0.0220990237099026
"3","cophenetic_spearman",0.217952179946836,0.247045495203776,0.48064904990051,-0.02909331525694
"3","ordering_agreement",0.894225658322717,0.906468581442166,0.941521431465246,-0.0122429231194481
"3","clone_ari_k5",0.194114527716348,0.0658068826363785,0.34267852679329,0.128307645079969
"3","clone_ari_k10",0.589494742483468,0.588986539455189,0.982455341286817,0.000508203028278587
"3","clone_ari_k20",0.94090579453491,0.897599228903489,1,0.0433065656314205
"3","clone_ari_k25",0.921493383027461,0.963559924137565,1,-0.0420665411101036
"4","topology_accuracy",0.763219847728175,0.768140374003938,0.983747813521941,-0.00492052627576245
"4","triplet_agreement",0.944713521525029,0.945297473529508,1,-0.000583952004479027
"4","clade_recall",0.775831589958159,0.78081589958159,1,-0.0049843096234311
"4","cophenetic_spearman",0.277757538349462,0.338574315946039,0.610447796297322,-0.0608167775965775
"4","ordering_agreement",0.87725318547344,0.917531448730298,0.948600202178968,-0.0402782632568577
"4","clone_ari_k5",0.286644385663406,0.390366105517176,0.441928809650449,-0.103721719853769
"4","clone_ari_k10",0.55032603755418,0.784170946608651,0.968531661394739,-0.233844909054472
"4","clone_ari_k20",0.937724622334294,0.937859589259528,1,-0.000134966925234625
"4","clone_ari_k25",0.896285726109583,0.91185013558861,1,-0.0155644094790265
"5","topology_accuracy",0.794557719231259,0.736859700479403,0.982072037673412,0.0576980187518562
"5","triplet_agreement",0.917316625980678,0.872117829082017,1,0.0451987968986611
"5","clade_recall",0.809060862838859,0.75030765444253,1,0.0587532083963291
"5","cophenetic_spearman",0.218025862609949,0.159949678030001,0.546322130275129,0.0580761845799485
"5","ordering_agreement",0.928005565655288,0.912867122229926,0.953386121981337,0.0151384434253619
"5","clone_ari_k5",0.0561952501070748,0.123858413960331,0.607667937999445,-0.0676631638532558
"5","clone_ari_k10",0.481155868632186,0.346522998562757,0.901569925324318,0.134632870069429
"5","clone_ari_k20",0.90112287631908,0.788151800774129,1,0.112971075544952
"5","clone_ari_k25",0.873093493853056,0.786070744767296,1,0.0870227490857597
