"model","replicate","integrations","cells","characters","unrooted_rf","rooted_rf","clade_precision","clade_recall","triplet_agreement","ordering_agreement","cophenetic_spearman","clone_ari_k5","clone_ari_k10","clone_ari_k20","clone_ari_k25","topology_accuracy"
"empirical_rates",1,5,250,997,0.240246406570842,0.241803278688525,0.745967741935484,0.770833333333333,0.873926796204248,0.81376323387873,0.184673448138287,0.183359893304246,0.586816809497721,0.917826334685207,0.889993519024183,0.759753593429158
"fitted_shape",1,5,250,589,0.219712525667351,0.221311475409836,0.766129032258065,0.791666666666667,0.956017104459377,0.913826212193951,0.275518924665927,0.141310350422574,0.637310936219474,0.963324327380401,0.981282232764584,0.780287474332649
"perfect",1,5,250,NA,0.0143737166324435,0.0163934426229508,0.967741935483871,1,1,0.969130028063611,0.454720394049005,0.054747366984743,1,1,1,0.985626283367556
"random",1,5,250,NA,0.995893223819302,0.995901639344262,0.00403225806451613,0.00416666666666667,0.337899543378995,0.513847967000589,-0.0214943359464357,0.0124807439198868,0.00388417530131869,0.00621541247073597,0.00807674954037548,0.0041067761806981
"empirical_rates",2,5,250,1017,0.219712525667351,0.221311475409836,0.766129032258065,0.791666666666667,0.953673064195897,0.979381443298969,0.214261430582251,0.159279727509854,0.810301155190247,0.952747729044472,0.994681411508445,0.780287474332649
"fitted_shape",2,5,250,601,0.281314168377823,0.282786885245902,0.705645161290323,0.729166666666667,0.897243960530793,0.917094247907102,0.191876217238827,0.00842056197747549,0.405775625913753,0.87101324174816,0.964569206218793,0.718685831622177
"perfect",2,5,250,NA,0.0143737166324435,0.0163934426229508,0.967741935483871,1,1,0.909687582042531,0.518892768300745,0.286186392004652,1,1,1,0.985626283367556
"random",2,5,250,NA,1,1,0,0,0.32443915703603,0.504418762746431,-0.0171681193140791,-0.00360160510371886,-0.00523653760203391,0.00189054220003974,0.00783464138381149,0
"empirical_rates",3,5,250,1002,0.285420944558522,0.286885245901639,0.701612903225806,0.725,0.835133079847909,0.838582677165354,0.171119190218393,0.286564383825118,0.433388844309856,0.919899293526781,0.861975489897651,0.714579055441478
"fitted_shape",3,5,250,601,0.28952772073922,0.290983606557377,0.69758064516129,0.720833333333333,0.975810132359653,0.973447240821981,0.292719704231643,0.0243634181955731,0.851929137139057,0.87705781494753,0.953064592781037,0.71047227926078
"perfect",3,5,250,NA,0.0143737166324435,0.0163934426229508,0.967741935483871,1,1,0.98411214953271,0.458513059655573,0.566203532317395,1,1,1,0.985626283367556
"random",3,5,250,NA,1,1,0,0,0.32855634333987,0.478812337849524,-0.0197108337432453,-0.0123729494380604,0.00157291722523103,0.00617291601978648,0.00652417767143196,0
"empirical_rates",4,5,250,1010,0.158110882956879,0.15983606557377,0.826612903225806,0.854166666666667,0.863978236517843,0.925545908971323,0.150130416706567,0.44392102442387,0.646569752343335,0.982188030741107,0.940447880672877,0.841889117043121
"fitted_shape",4,5,250,591,0.252566735112936,0.254098360655738,0.733870967741935,0.758333333333333,0.833200063969295,0.878523833931317,0.227996163111795,-0.175743715699715,0.37026312400676,0.972744624221925,0.942080890262372,0.747433264887064
"perfect",4,5,250,NA,0.0143737166324435,0.0163934426229508,0.967741935483871,1,1,0.940127388535032,0.523757685353796,0.133055758283214,1,1,1,0.985626283367556
"random",4,5,250,NA,1,1,0,0,0.333809523809524,0.475398475398475,0.00233133967468816,0.0144541933325594,0.00442942307706374,-0.00280964956267956,-0.00289032769099231,0
"empirical_rates",5,5,250,999,0.248459958932238,0.25,0.737903225806452,0.7625,0.891946648657775,0.931203931203931,0.171951070203062,0.0676412894609966,0.427526375767379,0.933324063925508,0.954598548974654,0.751540041067762
"fitted_shape",5,5,250,596,0.264887063655031,0.266393442622951,0.721774193548387,0.745833333333333,0.839205209550843,0.903252480705623,0.207590037753394,-0.117411479214237,0.254537410478727,0.873897223624039,0.941712297518644,0.735112936344969
"perfect",5,5,250,NA,0.0143737166324435,0.0163934426229508,0.967741935483871,1,1,0.980989583333333,0.45736776815974,0.207403444772238,1,1,1,0.985626283367556
"random",5,5,250,NA,0.995893223819302,0.995901639344262,0.00403225806451613,0.00416666666666667,0.319960046612286,0.486205777345018,-0.0191188888778373,0.000101782175331896,0.00418411419511982,-0.0029892178125809,-3.0147200935635e-05,0.0041067761806981
"empirical_rates",6,5,250,1001,0.238683127572016,0.240246406570842,0.745967741935484,0.774058577405858,0.875020719376761,0.825808175260486,0.154923689649115,0.0918381457291894,0.506332024148763,0.937327948362318,0.962737265774724,0.761316872427984
"fitted_shape",6,5,250,598,0.275720164609054,0.277207392197125,0.709677419354839,0.736401673640167,0.795820202355283,0.858190709046455,0.141442159188071,-0.134953179920894,0.481882259141369,0.836162123306553,0.979551575855337,0.724279835390947
"perfect",6,5,250,NA,0.0164609053497942,0.0184804928131417,0.963709677419355,1,1,0.886025504782147,0.465081762887291,0.596366677697964,0.824553412868166,1,1,0.983539094650206
"random",6,5,250,NA,1,1,0,0,0.332996972754793,0.504074856625415,0.00561214364996289,-0.00902327306672109,-0.00381564439354105,-0.000821265486012934,0.000550179319597938,0
"empirical_rates",7,5,250,981,0.24435318275154,0.245901639344262,0.741935483870968,0.766666666666667,0.854685151160849,0.875950054288816,0.286093858671616,0.457615805652617,0.685516710643144,0.936928087576351,0.923639057424784,0.75564681724846
"fitted_shape",7,5,250,605,0.268993839835729,0.270491803278688,0.717741935483871,0.741666666666667,0.901688182720953,0.87935586061246,0.345944868414609,0.288376567945896,0.597221491480357,0.890344027257889,0.969851694040385,0.731006160164271
"perfect",7,5,250,NA,0.0143737166324435,0.0163934426229508,0.967741935483871,1,1,0.93172797036253,0.527493112781447,0.187343228948589,1,1,1,0.985626283367556
"random",7,5,250,NA,1,1,0,0,0.337006578947368,0.484491978609626,-0.0128396330700374,0.029644140862137,-0.00562284699815782,0.00291388221934559,0.0105707332072326,0
"empirical_rates",8,5,250,1012,0.223819301848049,0.225409836065574,0.762096774193548,0.7875,0.943190661478599,0.957580139792721,0.272228255951873,0.125058788405208,0.775097928848875,0.933880312212386,0.85085347807082,0.776180698151951
"fitted_shape",8,5,250,605,0.203285420944559,0.204918032786885,0.782258064516129,0.808333333333333,0.919632969466856,0.95249876298862,0.228776443889614,0.473365926210202,0.777504276341716,0.873715937934279,0.98830180491121,0.796714579055442
"perfect",8,5,250,NA,0.0143737166324435,0.0163934426229508,0.967741935483871,1,1,0.929557007988381,0.47610735864574,0.81179946917187,1,1,1,0.985626283367556
"random",8,5,250,NA,1,1,0,0,0.317739403453689,0.492435937017598,-0.00357008801598711,-0.00950199422104079,-0.00786643021203584,-0.0100792077233879,-0.00990819712309678,0
"empirical_rates",9,5,250,1008,0.240246406570842,0.241803278688525,0.745967741935484,0.770833333333333,0.885019607843137,0.90098509724678,0.284803685661665,-0.00842682576050111,0.535658716521768,0.92583557208032,0.907968581734938,0.759753593429158
"fitted_shape",9,5,250,605,0.207392197125257,0.209016393442623,0.778225806451613,0.804166666666667,0.953470031545741,0.925766404864454,0.290682296069815,0.303088052066311,0.837590790288992,0.980852814158393,0.936267320629574,0.792607802874743
"perfect",9,5,250,NA,0.0143737166324435,0.0163934426229508,0.967741935483871,1,1,0.937851724981649,0.433546330069127,0.222647646922987,1,1,1,0.985626283367556
"random",9,5,250,NA,1,1,0,0,0.327790973871734,0.506373937677054,0.0111156523764191,-0.00501598654502789,-0.00586268024827744,-0.00066758816892365,-0.000947128299518031,0
"empirical_rates",10,5,250,1001,0.232032854209446,0.233606557377049,0.754032258064516,0.779166666666667,0.81689708141321,0.893455922120065,0.28933675368553,0.134293044612881,0.487739107563587,0.969100573194647,0.928038597191534,0.767967145790554
"fitted_shape",10,5,250,593,0.285420944558522,0.286885245901639,0.701612903225806,0.725,0.826983135540287,0.862730061349693,0.267908137474064,-0.152747675619401,0.675850343541685,0.836880154455723,0.978917626393709,0.714579055441478
"perfect",10,5,250,NA,0.0143737166324435,0.0163934426229508,0.967741935483871,1,1,0.94600537503054,0.491010259102632,0.361031750829247,1,1,1,0.985626283367556
"random",10,5,250,NA,1,1,0,0,0.333282137920442,0.492971559333115,0.00267311905679169,-0.000614504044840176,-0.00743670122848291,-0.00836185017173125,-0.00800698343634202,0
