"integration","cells","sites","alleles","entropy","normalised_entropy","top_allele_fraction","dataset"
"TCTCAAAGATCGCCTCGA",216,188,208,5.3215117269771,0.989997414714334,0.0138888888888889,"real"
"AAGCGCCGCTCCAGTTGA",220,213,210,5.32585736499453,0.987435138823469,0.0136363636363636,"real"
"GAACTTATCGACTACACT",210,203,203,5.30089771868015,0.991357979660619,0.00952380952380952,"real"
"CCCGTCTCTCAGATACGA",211,224,193,5.20611809800758,0.972768329833543,0.023696682464455,"real"
"GTGAGCGCAACCGGCAAG",207,246,207,5.33271879326536,0.999999999999999,0.00483091787439614,"real"
"TGCGACTACGCGCCCTTG",209,210,192,5.21455198879912,0.976081192763502,0.0143540669856459,"real"
"TGCCCCGCTGCGGAGCGA",211,203,210,5.34528801802053,0.998772367411154,0.00947867298578199,"real"
"GGATTTCTGCTTTCCCAG",208,221,203,5.30421369602055,0.9937566002934,0.00961538461538462,"real"
"CAAGCCTAAACCTCGTGA",191,215,191,5.25227342804663,0.999999999999999,0.00523560209424084,"real"
"TCCGCGGCCGCTCGCCGG",199,199,191,5.2296862351755,0.987981310040595,0.0150753768844221,"real"
"AACCACACCCACCACCTA",199,163,192,5.24191131381193,0.990290846151065,0.0150753768844221,"real"
"AGTTATCCTAGTTATAAT",191,233,185,5.20146682842443,0.990326741301987,0.0209424083769634,"real"
"AAAGGCATCCATCATGGC",192,213,179,5.10868793257768,0.97169613496156,0.0520833333333333,"real"
"CTAAACGCATAGTGATGC",194,264,194,5.26785815906333,1,0.00515463917525773,"real"
"CGGGACGCCCACAGACGG",196,192,195,5.27104172881666,0.998659951351854,0.0102040816326531,"real"
"TTTAATAACTACCCTTCC",187,148,171,5.05048611554276,0.96547146799249,0.053475935828877,"real"
"GCCGCTCGATGCGAGAAG",178,242,178,5.18178355029208,0.999999999999999,0.00561797752808989,"real"
"GCCGGAGCCAACCTGGGA",185,147,179,5.17256655853518,0.990845592112023,0.0162162162162162,"real"
"GCGACCCGGTAGAATACG",178,228,171,5.10581082255271,0.985338498414297,0.0337078651685393,"real"
"GCCGGACGGTATTAGAAC",157,232,151,4.9999336122879,0.988862845037945,0.0191082802547771,"real"
"GGACATAGGCTGTGCGTA",150,206,143,4.94245323628557,0.986392532321995,0.02,"real"
"CACCCGACCTACCGCGTC",149,212,135,4.84636323477322,0.968508240988716,0.0335570469798658,"real"
"AACTGATTTTGGAGGTTG",105,245,105,4.65396035015753,1,0.00952380952380952,"real"
"TGCGGTATAACCGAGCAG",43,250,42,3.72896071194659,0.991428426365177,0.0465116279069767,"real"
"int_1",216,188,216,5.37527840768416,0.999999999999998,0.00462962962962963,"shipped_shape0.5"
"int_2",220,213,220,5.39362754635238,1,0.00454545454545455,"shipped_shape0.5"
"int_3",210,203,210,5.34710753071748,1,0.00476190476190476,"shipped_shape0.5"
"int_4",211,224,211,5.35185813347608,1,0.004739336492891,"shipped_shape0.5"
"int_5",207,246,207,5.33271879326536,0.999999999999999,0.00483091787439614,"shipped_shape0.5"
"int_6",209,210,209,5.34233425196479,0.999999999999997,0.00478468899521531,"shipped_shape0.5"
"int_7",211,203,211,5.35185813347608,1,0.004739336492891,"shipped_shape0.5"
"int_8",208,221,208,5.33753807970131,0.999999999999999,0.00480769230769231,"shipped_shape0.5"
"int_9",191,215,191,5.25227342804663,0.999999999999999,0.00523560209424084,"shipped_shape0.5"
"int_10",199,199,199,5.29330482472452,1,0.0050251256281407,"shipped_shape0.5"
"int_1",216,188,215,5.36886037823453,0.998806009854213,0.00925925925925926,"fitted_shape"
"int_2",220,213,218,5.3810248703422,0.997663413741151,0.00909090909090909,"fitted_shape"
"int_3",210,203,210,5.34710753071748,1,0.00476190476190476,"fitted_shape"
"int_4",211,224,211,5.35185813347608,1,0.004739336492891,"fitted_shape"
"int_5",207,246,207,5.33271879326536,0.999999999999999,0.00483091787439614,"fitted_shape"
"int_6",209,210,208,5.33570126459101,0.998758410263948,0.00956937799043062,"fitted_shape"
"int_7",211,203,211,5.35185813347608,1,0.004739336492891,"fitted_shape"
"int_8",208,221,208,5.33753807970131,0.999999999999999,0.00480769230769231,"fitted_shape"
"int_9",191,215,189,5.237757256726,0.997236211800567,0.0104712041884817,"fitted_shape"
"int_10",199,199,199,5.29330482472452,1,0.0050251256281407,"fitted_shape"
"int_1",216,188,215,5.36886037823453,0.998806009854213,0.00925925925925926,"empirical_rates"
"int_2",220,213,219,5.38732620834729,0.998831706870577,0.00909090909090909,"empirical_rates"
"int_3",210,203,208,5.33390472727824,0.997530851331607,0.00952380952380952,"empirical_rates"
"int_4",211,224,211,5.35185813347608,1,0.004739336492891,"empirical_rates"
"int_5",207,246,207,5.33271879326536,0.999999999999999,0.00483091787439614,"empirical_rates"
"int_6",209,210,209,5.34233425196479,0.999999999999997,0.00478468899521531,"empirical_rates"
"int_7",211,203,210,5.34528801802053,0.998772367411154,0.00947867298578199,"empirical_rates"
"int_8",208,221,207,5.33087320296516,0.99875132005868,0.00961538461538462,"empirical_rates"
"int_9",191,215,189,5.237757256726,0.997236211800567,0.0104712041884817,"empirical_rates"
"int_10",199,199,199,5.29330482472452,1,0.0050251256281407,"empirical_rates"
