organoid_id	skew	clones_scored	mean_leaves	mean_normalized_rf	median_normalized_rf	perfect_clones
baseline_cerebral	NA	82	33.1951219512195	0.189526212178175	0.18983268983269	13
skew_0.00_rep00	0	93	26.989247311828	0.165982609137192	0.177570093457944	22
skew_0.00_rep01	0	93	30.9462365591398	0.180126971379011	0.185185185185185	22
skew_0.00_rep02	0	89	33.4269662921348	0.195014418283372	0.2	12
skew_0.00_rep03	0	89	32.1910112359551	0.209115394484471	0.220588235294118	11
skew_0.00_rep04	0	89	35.685393258427	0.209362249933561	0.207547169811321	8
skew_0.00_rep05	0	86	35.906976744186	0.198267635755443	0.200961538461538	12
skew_0.00_rep06	0	87	27.7701149425287	0.196145732022902	0.2	11
skew_0.00_rep07	0	85	32.1647058823529	0.202873847019208	0.205128205128205	12
skew_0.00_rep08	0	90	30.2555555555556	0.183778014765666	0.2	14
skew_0.00_rep09	0	89	28.8314606741573	0.210708215109715	0.210526315789474	16
skew_0.05_rep00	0.05	90	32.2	0.186415006593247	0.1852487135506	13
skew_0.05_rep01	0.05	91	34.7472527472527	0.174852234377694	0.1875	14
skew_0.05_rep02	0.05	88	31.5	0.207482827412447	0.2	7
skew_0.05_rep03	0.05	89	34.3370786516854	0.209102517443882	0.205128205128205	12
skew_0.05_rep04	0.05	93	35.494623655914	0.208658527748925	0.204081632653061	13
skew_0.05_rep05	0.05	96	28.5729166666667	0.189671010063838	0.2	16
skew_0.05_rep06	0.05	91	29.978021978022	0.214424428000628	0.2	13
skew_0.05_rep07	0.05	88	28.9431818181818	0.199445281245682	0.197222222222222	16
skew_0.05_rep08	0.05	94	32.1063829787234	0.204477135632412	0.2	10
skew_0.05_rep09	0.05	96	31.8645833333333	0.207593561641507	0.205290262172285	10
skew_0.10_rep00	0.1	90	30.1777777777778	0.210432298244667	0.207614942528736	12
skew_0.10_rep01	0.1	90	34.2555555555556	0.236605863366905	0.219219219219219	12
skew_0.10_rep02	0.1	87	35.1379310344828	0.190819995765348	0.185714285714286	8
skew_0.10_rep03	0.1	92	33.2282608695652	0.180317099917519	0.18944099378882	17
skew_0.10_rep04	0.1	86	30.3604651162791	0.179739137893892	0.175954592363261	14
skew_0.10_rep05	0.1	91	27.7692307692308	0.207942299432927	0.2	12
skew_0.10_rep06	0.1	89	31.6516853932584	0.209145865038016	0.19047619047619	10
skew_0.10_rep07	0.1	88	32.8409090909091	0.203464388788933	0.195865302642796	15
skew_0.10_rep08	0.1	99	33.020202020202	0.181521929218801	0.181818181818182	18
skew_0.10_rep09	0.1	89	27.1685393258427	0.210654971329265	0.2	16
skew_0.11_rep00	0.11	91	33.8571428571429	0.174842231270674	0.17948717948718	14
skew_0.11_rep01	0.11	89	31.7415730337079	0.212112106449656	0.224137931034483	11
skew_0.11_rep02	0.11	87	28.3908045977011	0.191731679546874	0.181818181818182	16
skew_0.11_rep03	0.11	92	32.1739130434783	0.189174082550052	0.182575757575758	19
skew_0.11_rep04	0.11	90	31	0.213381046267598	0.2	16
skew_0.11_rep05	0.11	92	33.3913043478261	0.218879600941452	0.2	10
skew_0.11_rep06	0.11	89	30.4044943820225	0.200154550509215	0.203389830508475	16
skew_0.11_rep07	0.11	92	30.5869565217391	0.202913428786033	0.202885391444713	14
skew_0.11_rep08	0.11	92	33.445652173913	0.196461546452497	0.2	16
skew_0.11_rep09	0.11	90	31.3111111111111	0.18741121124379	0.182745825602968	16
skew_0.15_rep00	0.15	91	33.3956043956044	0.205845190518803	0.214285714285714	15
skew_0.15_rep01	0.15	88	32.1818181818182	0.212304614261192	0.2	11
skew_0.15_rep02	0.15	94	30.6276595744681	0.190387958423052	0.186670353982301	11
skew_0.15_rep03	0.15	89	34.4044943820225	0.204463716618381	0.188679245283019	8
skew_0.15_rep04	0.15	95	29.8736842105263	0.19041684201132	0.2	17
skew_0.15_rep05	0.15	88	30.2613636363636	0.186830352163814	0.191964285714286	16
skew_0.15_rep06	0.15	87	30.8505747126437	0.180078870685451	0.186046511627907	18
skew_0.15_rep07	0.15	84	31.0357142857143	0.206489018738609	0.197014925373134	12
skew_0.15_rep08	0.15	90	32.5444444444444	0.196833738976582	0.196153846153846	14
skew_0.15_rep09	0.15	88	30.9204545454545	0.202722037799668	0.188344594594595	17
skew_0.20_rep00	0.2	87	28.7126436781609	0.17745464263082	0.171171171171171	18
skew_0.20_rep01	0.2	89	30.6629213483146	0.18439194023639	0.1875	15
skew_0.20_rep02	0.2	91	34.3516483516484	0.193570545734898	0.2	17
skew_0.20_rep03	0.2	91	34.8901098901099	0.209127335820489	0.222222222222222	12
skew_0.20_rep04	0.2	87	32.7701149425287	0.217206033683312	0.219512195121951	12
skew_0.20_rep05	0.2	92	29.195652173913	0.199293085882091	0.187830687830688	14
skew_0.20_rep06	0.2	88	31.125	0.199754381875927	0.222238457042665	17
skew_0.20_rep07	0.2	90	31.0555555555556	0.208814664470473	0.2015625	15
skew_0.20_rep08	0.2	86	26.6279069767442	0.197306345163476	0.188344594594595	11
skew_0.20_rep09	0.2	87	27.7126436781609	0.228736593859739	0.222222222222222	10
skew_0.22_rep00	0.22	95	31.2	0.186343813256082	0.189189189189189	18
skew_0.22_rep01	0.22	92	29.25	0.224138714222498	0.2	10
skew_0.22_rep02	0.22	87	36.264367816092	0.193086446233397	0.2	7
skew_0.22_rep03	0.22	94	32.2340425531915	0.182351921718813	0.187990580847724	16
skew_0.22_rep04	0.22	92	33.4130434782609	0.189098133024474	0.198591549295775	17
skew_0.22_rep05	0.22	88	34.5795454545455	0.191275566425556	0.179618768328446	14
skew_0.22_rep06	0.22	90	35.6	0.196256662553543	0.2	12
skew_0.22_rep07	0.22	89	30.6966292134831	0.213028632381033	0.214285714285714	10
skew_0.22_rep08	0.22	89	30.7977528089888	0.17207650767551	0.166666666666667	15
skew_0.22_rep09	0.22	93	29.6881720430108	0.213032553690119	0.2	15
skew_0.25_rep00	0.25	92	29.5	0.185553862782102	0.17974358974359	10
skew_0.25_rep01	0.25	89	32.0112359550562	0.183793347445218	0.183673469387755	14
skew_0.25_rep02	0.25	88	30.3181818181818	0.176405494275974	0.16869918699187	12
skew_0.25_rep03	0.25	88	33.2840909090909	0.210788561187569	0.214285714285714	10
skew_0.25_rep04	0.25	89	32.4719101123596	0.201959381059908	0.222222222222222	13
skew_0.25_rep05	0.25	89	30.7078651685393	0.190607214362716	0.181818181818182	15
skew_0.25_rep06	0.25	91	29.0769230769231	0.195248834583908	0.19047619047619	15
skew_0.25_rep07	0.25	87	34.6666666666667	0.19281712457739	0.2	10
skew_0.25_rep08	0.25	92	31.1086956521739	0.206746973602655	0.205769230769231	14
skew_0.25_rep09	0.25	88	32.125	0.183485094847235	0.180909090909091	16
skew_0.30_rep00	0.3	91	31.7912087912088	0.206483294761218	0.2	16
skew_0.30_rep01	0.3	91	36.032967032967	0.213830025245371	0.2	12
skew_0.30_rep02	0.3	92	35.2065217391304	0.198133204358549	0.202040816326531	17
skew_0.30_rep03	0.3	92	34.6521739130435	0.204607774091978	0.2	10
skew_0.30_rep04	0.3	89	30.3483146067416	0.18963066363011	0.195121951219512	14
skew_0.30_rep05	0.3	92	29	0.189181616000577	0.181818181818182	21
skew_0.30_rep06	0.3	87	30.448275862069	0.215925219604819	0.222222222222222	12
skew_0.30_rep07	0.3	93	31.6129032258065	0.190771845750445	0.2	17
skew_0.30_rep08	0.3	89	33.5730337078652	0.167220605885123	0.178571428571429	20
skew_0.30_rep09	0.3	93	28.7096774193548	0.180303890760446	0.181818181818182	16
skew_0.33_rep00	0.33	90	30.3777777777778	0.188927495205994	0.181134654818865	14
skew_0.33_rep01	0.33	92	35.1304347826087	0.18977497657832	0.186607142857143	16
skew_0.33_rep02	0.33	92	35.6195652173913	0.194958870946772	0.215576592082616	16
skew_0.33_rep03	0.33	89	35.8089887640449	0.192045561019228	0.203389830508475	15
skew_0.33_rep04	0.33	93	33.4301075268817	0.187372540460783	0.1875	15
skew_0.33_rep05	0.33	89	27.9213483146067	0.217906635537111	0.208955223880597	11
skew_0.33_rep06	0.33	89	30.1348314606742	0.183996138387582	0.189189189189189	14
skew_0.33_rep07	0.33	88	28.6818181818182	0.216817463167855	0.214285714285714	15
skew_0.33_rep08	0.33	96	31.0729166666667	0.183270371300245	0.188644688644689	22
skew_0.33_rep09	0.33	89	33.561797752809	0.191171707164461	0.183333333333333	12
skew_0.35_rep00	0.35	94	32.8085106382979	0.174825931983123	0.188344594594595	23
skew_0.35_rep01	0.35	91	28.2197802197802	0.214289093574752	0.2	15
skew_0.35_rep02	0.35	86	31.2325581395349	0.161998264517785	0.177865612648221	19
skew_0.35_rep03	0.35	90	30.6888888888889	0.172847208287989	0.17948717948718	10
skew_0.35_rep04	0.35	94	28.1702127659574	0.191881476367245	0.1875	12
skew_0.35_rep05	0.35	89	30.5730337078652	0.193646010387293	0.214285714285714	17
skew_0.35_rep06	0.35	87	32.4137931034483	0.190274830554719	0.2	16
skew_0.35_rep07	0.35	90	30.6666666666667	0.182668986810531	0.194003527336861	19
skew_0.35_rep08	0.35	91	32.5494505494505	0.174533197781091	0.173913043478261	16
skew_0.35_rep09	0.35	93	28.3333333333333	0.178792999470434	0.185185185185185	24
skew_0.44_rep00	0.44	91	32.3846153846154	0.19998064609226	0.181818181818182	17
skew_0.44_rep01	0.44	90	29.3333333333333	0.173508584928872	0.173913043478261	19
skew_0.44_rep02	0.44	91	33.4945054945055	0.204920844611487	0.206896551724138	13
skew_0.44_rep03	0.44	93	29.6344086021505	0.184175486529898	0.176470588235294	16
skew_0.44_rep04	0.44	92	29.7391304347826	0.162171828105391	0.178571428571429	23
skew_0.44_rep05	0.44	84	32.0714285714286	0.176515164037042	0.178409090909091	17
skew_0.44_rep06	0.44	94	33.1170212765957	0.21534922678028	0.210591133004926	12
skew_0.44_rep07	0.44	89	32.0674157303371	0.195815352812367	0.1875	13
skew_0.44_rep08	0.44	92	36.0760869565217	0.199418567880133	0.2	11
skew_0.44_rep09	0.44	91	31.978021978022	0.20897489269807	0.193548387096774	10
skew_0.56_rep00	0.56	95	27.1684210526316	0.194644899035201	0.185185185185185	19
skew_0.56_rep01	0.56	90	33.7444444444444	0.218321845204001	0.1875	12
skew_0.56_rep02	0.56	90	33.5888888888889	0.193630484300295	0.17156862745098	10
skew_0.56_rep03	0.56	92	30.7282608695652	0.19852312258486	0.18983268983269	15
skew_0.56_rep04	0.56	91	33.4505494505495	0.188453133236347	0.181818181818182	14
skew_0.56_rep05	0.56	91	28.3736263736264	0.18309864360587	0.181818181818182	16
skew_0.56_rep06	0.56	87	34.264367816092	0.215696439073839	0.2	9
skew_0.56_rep07	0.56	90	31.3	0.195474183560736	0.183216783216783	9
skew_0.56_rep08	0.56	96	32.875	0.185429753151018	0.180194805194805	20
skew_0.56_rep09	0.56	90	29.0777777777778	0.201760985765725	0.204334014068527	16
skew_0.67_rep00	0.67	91	35.6153846153846	0.182390832625145	0.176470588235294	16
skew_0.67_rep01	0.67	84	36.3928571428571	0.161704345611937	0.168439716312057	21
skew_0.67_rep02	0.67	91	31.8021978021978	0.196093423769967	0.18348623853211	12
skew_0.67_rep03	0.67	90	34.7222222222222	0.217867320908265	0.2	9
skew_0.67_rep04	0.67	91	32.3956043956044	0.227269539224811	0.222222222222222	9
skew_0.67_rep05	0.67	91	35.5494505494505	0.192296889542421	0.17948717948718	17
skew_0.67_rep06	0.67	93	33.7204301075269	0.20505633736423	0.2	12
skew_0.67_rep07	0.67	89	31.1685393258427	0.163568198497285	0.172413793103448	19
skew_0.67_rep08	0.67	92	26.8369565217391	0.197658834585937	0.2	9
skew_0.67_rep09	0.67	93	36.247311827957	0.198997304309883	0.2	12
skew_0.78_rep00	0.78	89	32.123595505618	0.210511499189014	0.19047619047619	9
skew_0.78_rep01	0.78	95	37.8315789473684	0.232878009173731	0.196261682242991	10
skew_0.78_rep02	0.78	91	43.4945054945055	0.194114225949728	0.19047619047619	8
skew_0.78_rep03	0.78	93	36.2258064516129	0.164027065227511	0.176470588235294	19
skew_0.78_rep04	0.78	91	34.7802197802198	0.198528721382665	0.166666666666667	14
skew_0.78_rep05	0.78	95	32.2421052631579	0.211438900943043	0.2	11
skew_0.78_rep06	0.78	89	40.0786516853933	0.192036934869296	0.188888888888889	16
skew_0.78_rep07	0.78	91	31.5824175824176	0.170088960028833	0.173076923076923	19
skew_0.78_rep08	0.78	89	31.2359550561798	0.18181950970764	0.1875	21
skew_0.78_rep09	0.78	91	31.7032967032967	0.193784749188624	0.189189189189189	19
skew_0.89_rep00	0.89	90	38.9666666666667	0.186443831489491	0.203835227272727	15
skew_0.89_rep01	0.89	90	38.0888888888889	0.195580553667376	0.18974358974359	12
skew_0.89_rep02	0.89	90	37.8777777777778	0.212597131102809	0.209489872468117	13
skew_0.89_rep03	0.89	94	28.4042553191489	0.17430821611819	0.183932346723044	19
skew_0.89_rep04	0.89	88	34.6136363636364	0.187621863827612	0.204545454545455	10
skew_0.89_rep05	0.89	93	30.7096774193548	0.188990861962099	0.17948717948718	16
skew_0.89_rep06	0.89	94	40.3085106382979	0.176038359228449	0.188344594594595	14
skew_0.89_rep07	0.89	90	34.6111111111111	0.206541212128747	0.206389452332657	17
skew_0.89_rep08	0.89	91	37.2417582417582	0.193717727016992	0.2	13
skew_0.89_rep09	0.89	89	30.6741573033708	0.167954136070155	0.173076923076923	16
skew_1.00_rep00	1	91	35.0549450549451	0.200190743416469	0.196850393700787	18
skew_1.00_rep01	1	88	33.2045454545455	0.174740803624103	0.17252886002886	16
skew_1.00_rep02	1	92	32.5326086956522	0.194918064595125	0.2	16
skew_1.00_rep03	1	89	45.5280898876404	0.187178912551539	0.2	14
skew_1.00_rep04	1	91	38.9010989010989	0.170854576222089	0.170731707317073	18
skew_1.00_rep05	1	90	31.5222222222222	0.189307092715427	0.184902740937224	17
skew_1.00_rep06	1	87	37.6091954022989	0.218916984681461	0.206896551724138	11
skew_1.00_rep07	1	91	32.3736263736264	0.210223666478664	0.191489361702128	13
skew_1.00_rep08	1	93	34.247311827957	0.209630944892595	0.191489361702128	15
skew_1.00_rep09	1	87	32.7011494252874	0.179249488324904	0.176470588235294	18
