system	integration_dropout	cell_dropout	replicates	mean_cells	mean_informative_characters	mean_normalized_rf	lower	upper
baseline	0	0	5	250	7727.8	0.0502024291497976	0.0363214586470889	0.0640833996525062
baseline	0.05	0	5	250	7680.4	0.0502024291497976	0.0416559327757218	0.0587489255238734
baseline	0.1	0	5	250	7634.6	0.0550607287449393	0.0448369095123963	0.0652845479774823
baseline	0.25	0	5	250	7451	0.0825910931174089	0.0627371723350075	0.10244501389981
baseline	0.5	0	5	250	7010	0.148178137651822	0.134525864353519	0.161830410950124
baseline	0	0.1	5	227.8	7635.8	0.0463435631418505	0.0308177276480121	0.0618693986356889
baseline	0.05	0.1	5	223.2	7566	0.0563841312578634	0.0455196850338964	0.0672485774818303
baseline	0.1	0.1	5	226.6	7535.8	0.0593501393546915	0.0428712542729558	0.0758290244364272
baseline	0.25	0.1	5	222.4	7321	0.0747800857400268	0.0531108834660223	0.0964492880140313
baseline	0.5	0.1	5	222.4	6871.8	0.144872102940101	0.118434680900086	0.171309524980116
baseline	0	0.25	5	183.4	7431.6	0.0474626381299888	0.0296699290307263	0.0652553472292513
baseline	0.05	0.25	5	186.2	7388.6	0.0504703924998607	0.0311273106151877	0.0698134743845337
baseline	0.1	0.25	5	188	7320.2	0.0574922190878441	0.0314237782955287	0.0835606598801595
baseline	0.25	0.25	5	185	7119.4	0.0702138277085173	0.0437355020289621	0.0966921533880725
baseline	0.5	0.25	5	186.4	6664.2	0.137410049311965	0.126962787629016	0.147857310994913
baseline	0	0.5	5	123.4	6993.8	0.0419137655390153	0.0219706422764789	0.0618568888015517
baseline	0.05	0.5	5	126.4	6953.8	0.0558694890040954	0.0307072521001237	0.0810317259080671
baseline	0.1	0.5	5	128.6	6906.2	0.0588425512296758	0.0491668585385553	0.0685182439207963
baseline	0.25	0.5	5	133.8	6738.2	0.0900943672731188	0.0618660029453947	0.118322731600843
baseline	0.5	0.5	5	120.4	6085	0.125589896958885	0.106405693395098	0.144774100522671
baseline	0	0.8	5	51.2	5821	0.030108818011257	0.000408651113039976	0.0598089849094741
baseline	0.05	0.8	5	45.8	5661.8	0.0448409430290963	0.0204234666315927	0.0692584194266
baseline	0.1	0.8	5	50	5681.4	0.0552017876918209	0.00539471411431923	0.105008861269323
baseline	0.25	0.8	5	52.2	5463	0.0919223977504461	0.046088900453045	0.137755895047847
baseline	0.5	0.8	5	48.2	4671.6	0.136664332399627	0.0841846396862181	0.189144025113035
mitochondrial	0	0	5	250	14146.2	0.31336032388664	0.294818372442693	0.331902275330586
mitochondrial	0	0.1	5	223.2	12989.4	0.310538046936113	0.287856285464578	0.333219808407648
mitochondrial	0	0.25	5	189.2	11505	0.30215836517948	0.272102213631647	0.332214516727313
mitochondrial	0	0.5	5	124.8	8208.4	0.300191443657353	0.264520218088557	0.335862669226148
mitochondrial	0	0.8	5	47.4	3614.2	0.35375046142488	0.282233200186803	0.425267722662957
palincode	0	0	5	250	440.2	0.185425101214575	0.165762394397576	0.205087808031573
palincode	0.05	0	5	250	438.2	0.193522267206478	0.170469113740231	0.216575420672724
palincode	0.1	0	5	250	436.4	0.214574898785425	0.204228634239516	0.224921163331334
palincode	0.25	0	5	250	431	0.283400809716599	0.255570907921595	0.311230711511604
palincode	0.5	0	5	250	419.8	0.500404858299595	0.477053181878266	0.523756534720925
palincode	0	0.1	5	224.4	437.4	0.182483455375283	0.156470429712229	0.208496481038338
palincode	0.05	0.1	5	222.8	435.4	0.205490026899621	0.174078739746277	0.236901314052964
palincode	0.1	0.1	5	222.8	433.2	0.226493090510929	0.215677948904343	0.237308232117515
palincode	0.25	0.1	5	224.6	430.6	0.310627080067173	0.290184683302503	0.331069476831843
palincode	0.5	0.1	5	223.8	415.4	0.518319779765346	0.468276063269964	0.568363496260728
palincode	0	0.25	5	188.2	430.8	0.194354018231207	0.165422394278391	0.223285642184023
palincode	0.05	0.25	5	186.8	430.6	0.214354433684173	0.175663422051414	0.253045445316932
palincode	0.1	0.25	5	186.8	428.6	0.228712424924414	0.22105746886691	0.236367380981919
palincode	0.25	0.25	5	191.8	422.8	0.290748692649069	0.256529793775533	0.324967591522606
palincode	0.5	0.25	5	184.2	411.8	0.482897685226913	0.452329140535437	0.513466229918388
palincode	0	0.5	5	123.6	420	0.205268786727888	0.178816511366564	0.231721062089211
palincode	0.05	0.5	5	124.4	417.6	0.198149752282891	0.162290397342969	0.234009107222812
palincode	0.1	0.5	5	126.6	416	0.250954907161804	0.216505472604906	0.285404341718701
palincode	0.25	0.5	5	123.2	413.4	0.324212739220884	0.2640459279246	0.384379550517168
palincode	0.5	0.5	5	126	405	0.51984767906969	0.472953981928705	0.566741376210675
palincode	0	0.8	5	54	399	0.191761256501484	0.132142753651992	0.251379759350976
palincode	0.05	0.8	5	50.8	394.8	0.2533584686535	0.206106225774863	0.300610711532136
palincode	0.1	0.8	5	52.6	396.2	0.2320227869131	0.180016766572978	0.284028807253223
palincode	0.25	0.8	5	56	391.6	0.272598892335734	0.238425512855551	0.306772271815918
palincode	0.5	0.8	5	49	368.6	0.566143211164732	0.48598442888713	0.646301993442334
prime	0	0	5	250	271.2	0.0906882591093117	0.0763608415517713	0.105015676666852
prime	0.05	0	5	250	271	0.106882591093117	0.0860989719244784	0.127666210261756
prime	0.1	0	5	250	270.6	0.123076923076923	0.099996471610034	0.146157374543812
prime	0.25	0	5	250	269.4	0.160323886639676	0.124081543314216	0.196566229965136
prime	0.5	0	5	250	263.4	0.259919028340081	0.246783897611253	0.273054159068908
prime	0	0.1	5	227.6	270.4	0.0971794647557776	0.0778045860502105	0.116554343461345
prime	0.05	0.1	5	222.6	270.6	0.110980744745451	0.0994519948641555	0.122509494626746
prime	0.1	0.1	5	227.8	269.6	0.111269875172224	0.0853735634836057	0.137166186860842
prime	0.25	0.1	5	224.2	267.8	0.162603368243651	0.13343357772904	0.191773158758261
prime	0.5	0.1	5	223	260.8	0.273307242820605	0.251480485182619	0.295134000458592
prime	0	0.25	5	193.2	270.4	0.0990993193077232	0.0856964591524948	0.112502179462952
prime	0.05	0.25	5	188	268.6	0.122214160002596	0.114309355544745	0.130118964460447
prime	0.1	0.25	5	188	268	0.126987919817647	0.0940990956207321	0.159876744014562
prime	0.25	0.25	5	185.4	266.2	0.154742072059694	0.104865131191203	0.204619012928185
prime	0.5	0.25	5	187	257.4	0.303712805226257	0.258088669956584	0.34933694049593
prime	0	0.5	5	123	261.4	0.112228195840566	0.0819038382181094	0.142552553463023
prime	0.05	0.5	5	125.4	263.8	0.10099608886511	0.0849664112250215	0.117025766505199
prime	0.1	0.5	5	121	262	0.113488544673782	0.081968943551936	0.145008145795628
prime	0.25	0.5	5	117.2	253.8	0.1827430018317	0.155959019034041	0.209526984629358
prime	0.5	0.5	5	131.4	242.2	0.288798985033856	0.248338955285188	0.329259014782524
prime	0	0.8	5	49	232.8	0.105475281743137	0.0741076728492684	0.136842890637005
prime	0.05	0.8	5	48.4	225.6	0.154264028208858	0.128354579091973	0.180173477325742
prime	0.1	0.8	5	54.2	234	0.13628866640996	0.0727176040222485	0.199859728797672
prime	0.25	0.8	5	52.8	214.2	0.201916159107932	0.163857675123876	0.239974643091988
prime	0.5	0.8	5	49.4	186.2	0.327777777777778	0.27375844983402	0.381797105721535
wt_crispr	0	0	5	250	921.8	0.159514170040486	0.132071604637288	0.186956735443684
wt_crispr	0.05	0	5	250	920.8	0.185425101214575	0.162371947748328	0.208478254680821
wt_crispr	0.1	0	5	250	919.8	0.196761133603239	0.171220068986814	0.222302198219664
wt_crispr	0.25	0	5	250	917	0.263967611336032	0.215348585559839	0.312586637112225
wt_crispr	0.5	0	5	250	904	0.421052631578947	0.376516304789006	0.465588958368888
wt_crispr	0	0.1	5	228	919.8	0.168002525877641	0.146640208910881	0.189364842844401
wt_crispr	0.05	0.1	5	226.6	918.2	0.175140919272246	0.147071675324346	0.203210163220147
wt_crispr	0.1	0.1	5	224.6	918.4	0.213681748986364	0.170322713126749	0.25704078484598
wt_crispr	0.25	0.1	5	222.4	912.8	0.269328120136944	0.224315763218101	0.314340477055786
wt_crispr	0.5	0.1	5	226.6	899.4	0.415133660469362	0.368455347195597	0.461811973743127
wt_crispr	0	0.25	5	189.2	915.8	0.165957090889545	0.140755936924914	0.191158244854176
wt_crispr	0.05	0.25	5	185.4	912.8	0.198120810721522	0.180826849347675	0.215414772095369
wt_crispr	0.1	0.25	5	186.2	912.8	0.213943245113648	0.1901944317991	0.237692058428196
wt_crispr	0.25	0.25	5	187.4	906	0.274270734380709	0.240630795514118	0.307910673247299
wt_crispr	0.5	0.25	5	186.2	889.6	0.42557039675827	0.393345987579241	0.457794805937298
wt_crispr	0	0.5	5	127.8	902.4	0.171997502584202	0.152812987816844	0.191182017351561
wt_crispr	0.05	0.5	5	129.4	901	0.193366065991232	0.158501537571071	0.228230594411394
wt_crispr	0.1	0.5	5	122.8	902.8	0.234891953319001	0.186168867970832	0.28361503866717
wt_crispr	0.25	0.5	5	125.8	892	0.252490330206362	0.210226498865601	0.294754161547124
wt_crispr	0.5	0.5	5	121.2	864	0.408967499027221	0.348509471497825	0.469425526556617
wt_crispr	0	0.8	5	48	846.4	0.143494262449991	0.105437237653641	0.181551287246341
wt_crispr	0.05	0.8	5	51	847.2	0.270026680175616	0.18807379006708	0.351979570284153
wt_crispr	0.1	0.8	5	45.2	827.2	0.236248435544431	0.144058414701609	0.328438456387252
wt_crispr	0.25	0.8	5	52.6	836	0.369126037998348	0.296679059841925	0.44157301615477
wt_crispr	0.5	0.8	5	50.8	774.4	0.493598104793757	0.417360337344551	0.569835872242963
