integration_dropout	cell_dropout	clones	mean_leaves	mean_informative_characters	mean_normalized_rf	mean_accuracy	lower	upper	exact_fraction
0	0	15444	32.3689458689459	193.579124579125	0.195147879449271	0.804852120550729	0.19293377635221	0.197361982546332	0.158767158767159
0.05	0	15444	32.3689458689459	190.219696969697	0.226593524361264	0.773406475638736	0.224194298474971	0.228992750247558	0.138435638435638
0.1	0	15444	32.3688163688164	186.67217042217	0.258294765321706	0.741705234678294	0.255742987380631	0.260846543262781	0.122248122248122
0.25	0	15443	32.3386647672084	174.812471670012	0.406466009277268	0.593533990722732	0.403278657818433	0.409653360736102	0.0851518487340543
0.5	0	15360	31.5107421875	149.4052734375	0.74148716989833	0.25851283010167	0.737726921985768	0.745247417810893	0.0485677083333333
0	0.1	15215	29.535326979954	188.963259940848	0.189629989596128	0.810370010403872	0.187327134662478	0.191932844529778	0.177325008215577
0.05	0.1	15211	29.5430938136875	185.560515416475	0.219126526767776	0.780873473232224	0.216632288357413	0.22162076517814	0.154756426270462
0.1	0.1	15201	29.5408196829156	182.061838036971	0.248581767457108	0.751418232542892	0.245993731044504	0.251169803869711	0.138938227748174
0.25	0.1	15206	29.5059844798106	170.14027357622	0.39538306736698	0.60461693263302	0.392097905927074	0.398668228806887	0.0966723661712482
0.5	0.1	15107	28.7997616998742	144.993843913418	0.728784409366534	0.271215590633466	0.724894215627744	0.732674603105325	0.0526908055868141
0	0.25	14703	25.3979459974155	181.878460178195	0.17864898215088	0.82135101784912	0.176260525895801	0.181037438405959	0.211589471536421
0.05	0.25	14739	25.3052445891852	178.04932492028	0.205815212669785	0.794184787330215	0.203245283844087	0.208385141495483	0.189429404979985
0.1	0.25	14715	25.3284403669725	174.662996941896	0.237081732047187	0.762918267952813	0.23430602989101	0.239857434203364	0.166904519198097
0.25	0.25	14685	25.371467483827	163.054613551243	0.376591540539694	0.623408459460306	0.373061025317487	0.380122055761902	0.119918283963228
0.5	0.25	14613	24.6893861630055	137.550947786218	0.704337663725678	0.295662336274322	0.700126906685336	0.708548420766019	0.0662423869157599
0	0.5	13364	18.3405417539659	167.184750074828	0.165097508667812	0.834902491332188	0.162347502677972	0.167847514657652	0.294148458545346
0.05	0.5	13348	18.4005094396164	163.833533113575	0.188682602132256	0.811317397867744	0.185705596132014	0.191659608132498	0.267455798621516
0.1	0.5	13393	18.3088180392742	159.718957664452	0.214498453165321	0.785501546834679	0.211338943423729	0.217657962906913	0.246024042410214
0.25	0.5	13375	18.3742803738318	147.85308411215	0.339234720716195	0.660765279283805	0.335319564809181	0.34314987662321	0.174579439252336
0.5	0.5	13240	17.9593655589124	121.988519637462	0.655884822482953	0.344115177517047	0.650950840931697	0.660818804034208	0.0993202416918429
0	0.8	8931	10.0194827007054	142.635203224723	0.163900424474962	0.836099575525038	0.159651587615411	0.168149261334513	0.456611801589968
0.05	0.8	8945	9.96109558412521	138.482057015092	0.179051843362027	0.820948156637973	0.174687338803504	0.18341634792055	0.431749580771381
0.1	0.8	8925	9.99551820728291	134.930420168067	0.203200902407509	0.796799097592491	0.198519094308787	0.207882710506232	0.402128851540616
0.25	0.8	8928	9.98051075268817	121.602710573477	0.307059342755912	0.692940657244088	0.301283073738741	0.312835611773083	0.31530017921147
0.5	0.8	8817	9.71747760009073	93.332993081547	0.579920091330274	0.420079908669726	0.57273289937577	0.587107283284778	0.186571396166497
