"rate","cumulative"
0,0
1.6108585103702e-06,0
3.69405128830547e-06,0
4.07942029886523e-06,0
4.13826880698382e-06,0
4.17787804851631e-06,0
4.17965245401164e-06,0
4.24263225650527e-06,0
4.25175056928937e-06,0
4.27819384083211e-06,0
4.33716233094739e-06,0
4.33942082367356e-06,0
4.36176326809053e-06,0
4.37362963979314e-06,0
4.37844798749487e-06,0
4.40869854424088e-06,0
4.41673292795293e-06,0
4.41997742040012e-06,0
4.49178458734562e-06,0
4.51743563485258e-06,0
4.53444330758902e-06,0
4.8069959127615e-06,0
4.81300109084465e-06,0
4.81789056253068e-06,0
4.91749670805675e-06,0
4.93645726645292e-06,0
5.05531478939593e-06,0
5.07896653118153e-06,0
5.1205329787809e-06,0
5.20999019938355e-06,0
5.46491389885606e-06,0
5.47278492118066e-06,0
5.99175070799101e-06,0
5.9946467965144e-06,0
6.0624743605836e-06,0
7.38735111307283e-06,0
8.15890283145659e-06,0
8.16364461028445e-06,0
8.35627832451724e-06,0
8.35988493195376e-06,0
8.4283747445759e-06,0
8.48604686332077e-06,0
8.48920886810178e-06,0
8.53174934659013e-06,0
8.54733562842332e-06,0
8.55613255724262e-06,0
8.65235283953325e-06,0
8.67599919862627e-06,0
8.67712844010438e-06,0
8.68053891622486e-06,0
8.71032160940756e-06,0
8.74060116692206e-06,0
8.74427801322852e-06,0
8.74886816537579e-06,0
8.75226135600804e-06,0
8.7550051327557e-06,0
8.81973669269325e-06,0
8.84169394355094e-06,0
8.93840321735993e-06,0
9.02713233700599e-06,0
9.0533505596832e-06,0
9.06161467990032e-06,0
9.31231098633712e-06,0
9.61718790470911e-06,0
9.6183334025634e-06,0
9.6264963697302e-06,0
9.63804335152307e-06,0
9.63943693121916e-06,0
9.83569479096058e-06,0
9.87245050286413e-06,0
9.92238824754034e-06,0
1.01625500656954e-05,0
1.01670796955924e-05,0
1.02426638031877e-05,0
1.07209216363154e-05,0
1.09308446156704e-05,0
1.09342796109635e-05,0
1.10865052539908e-05,0
1.11472610377874e-05,0
1.19838698402486e-05,0
1.20098892645953e-05,0
1.21282410472449e-05,0
1.21541588307143e-05,0
1.22438452524759e-05,0
1.22678111399591e-05,0
1.25217911166107e-05,0
1.25398926807962e-05,0
1.25430384479985e-05,0
1.25461857938269e-05,0
1.27282332847978e-05,0
1.272967694723e-05,0
1.27542074496168e-05,0
1.2755834355116e-05,0
1.28280901473419e-05,0
1.29123977379457e-05,0
1.30165116100089e-05,0
1.30223216738725e-05,0
1.31086512230594e-05,0
1.31103698156609e-05,0
1.31206908423609e-05,0
1.31237254568734e-05,0
1.31258574519455e-05,0
1.31267820385127e-05,0
1.31293041194525e-05,0
1.31338251050635e-05,0
1.31391336169951e-05,0
1.32423146657068e-05,0
1.32431428948725e-05,0
1.32631438747328e-05,0
1.34779065253943e-05,0
1.35145749952033e-05,0
1.35363256542881e-05,0
1.35425348703168e-05,0
1.35730332851969e-05,0
1.3582250902533e-05,0
1.38070603045332e-05,0
1.40408664944284e-05,0
1.40465096570132e-05,0
1.40497785725557e-05,0
1.44249520710627e-05,0
1.44288695067551e-05,0
1.44307270488603e-05,0
1.4437941820458e-05,0
1.44573780967658e-05,0
1.44799916777587e-05,0
1.47668776893081e-05,0
1.47930009852895e-05,0
1.51410772448735e-05,0
1.52375298737868e-05,0
1.53584161100748e-05,0
1.5466741916272e-05,0
1.61634717468075e-05,0
1.63923695818132e-05,0
1.6394652394669e-05,0
1.64050062721399e-05,0
1.67158897487519e-05,0
1.67229676737435e-05,0
1.67292623394211e-05,0
1.67319638418186e-05,0
1.67664206299023e-05,0
1.69712329974351e-05,0
1.69763911201274e-05,0
1.70006460642577e-05,0
1.70105555960374e-05,0
1.70986573964813e-05,0
1.71085922995194e-05,0
1.7302385521889e-05,0
1.73084262488175e-05,0
1.73482924271815e-05,0
1.73589693899462e-05,0
1.73666277414572e-05,0
1.74790645703822e-05,0
1.74822436316124e-05,0
1.74999566515677e-05,0
1.75023792648159e-05,0
1.75111807759324e-05,0
1.75862197972823e-05,0
1.76598886255652e-05,0
1.76622279729477e-05,0
1.76808509489322e-05,0
1.76865410034084e-05,0
1.77015385636824e-05,0
1.79672367423017e-05,0
1.79741356544083e-05,0
1.79833539603456e-05,0
1.80520082753155e-05,0
1.81002855929227e-05,0
1.8113747189029e-05,0
1.81280935521722e-05,0
1.81837536716862e-05,0
1.82048013830324e-05,0
1.84775655990089e-05,0
1.87264773538014e-05,0
1.87316785698055e-05,0
1.87390426589618e-05,0
1.92446606549792e-05,0
1.92736067179482e-05,0
1.93178860042886e-05,0
1.93290879181296e-05,0
1.93650185357511e-05,0
1.96365284363953e-05,0
1.96756684530762e-05,0
1.97478051377677e-05,0
2.01804135069317e-05,0
2.01865240931909e-05,0
2.02079403177624e-05,0
2.03232713169788e-05,0
2.03332421635225e-05,0
2.03380716025739e-05,0
2.04138928899816e-05,0
2.04811017076034e-05,0
2.04866312476597e-05,0
2.07664946509801e-05,0
2.08979144384776e-05,0
2.09049771140446e-05,0
2.09102226469415e-05,0
2.12198829800794e-05,0
2.12634385060148e-05,0
2.13803558418309e-05,0
2.13906038413203e-05,0
2.16940923790654e-05,0
2.17039794273642e-05,0
2.17118234422951e-05,0
2.18505903631401e-05,0
2.1858610052825e-05,0
2.18648541245869e-05,0
2.18711248724569e-05,0
2.18763338734052e-05,0
2.18819626270957e-05,0
2.18835440701764e-05,0
2.19043203615886e-05,0
2.20707816296536e-05,0
2.20969626131785e-05,0
2.21084871521171e-05,0
2.21758571655401e-05,0
2.22553532282041e-05,0
2.23141958998681e-05,0
2.2461055258795e-05,0
2.24746819195961e-05,0
2.25809064072573e-05,0
2.26345566678427e-05,0
2.26585255749256e-05,0
2.26751093928701e-05,0
2.32780646767476e-05,0
2.32910865621987e-05,0
2.34245513034235e-05,0
2.39795993568728e-05,0
2.40549425291059e-05,0
2.40956402174527e-05,0
2.42553615037444e-05,0
2.42726146089739e-05,0
2.45812862202466e-05,0
2.46892405914712e-05,0
2.49432633441505e-05,0
2.50844265376442e-05,0
2.50906411201068e-05,0
2.50931578611844e-05,0
2.5121985428558e-05,0
2.5332546503907e-05,0
2.54040946848726e-05,0
2.54676509554574e-05,0
2.55094975379743e-05,0
2.56111472293208e-05,0
2.56210270498526e-05,0
2.56502232309664e-05,0
2.5728452579016e-05,0
2.59568350956529e-05,0
2.59707078832122e-05,0
2.59860800232045e-05,0
2.60108478413734e-05,0
2.60352924740521e-05,0
2.60467771772428e-05,0
2.6059643127938e-05,0
2.62293291858239e-05,0
2.62498208876139e-05,0
2.62726488230528e-05,0
2.6451587287872e-05,0
2.64999980514001e-05,0
2.65376344358514e-05,0
2.69625628249901e-05,0
2.70712251930455e-05,0
2.71168460845479e-05,0
2.71582871115631e-05,0
2.71892851802963e-05,0
2.7220289588412e-05,0
2.73692553489152e-05,0
2.79143167661849e-05,0
2.79481857021757e-05,0
2.81052840510609e-05,0
2.83803842680521e-05,0
2.85888423786825e-05,0
2.89086130958015e-05,0
2.92712848143121e-05,0
2.95540717379906e-05,0
2.95948403717126e-05,0
2.96199672352584e-05,0
2.96492642523891e-05,0
2.96937826686286e-05,0
2.97450629065825e-05,0
2.97688534537645e-05,0
2.99255940702268e-05,0
2.99449653966528e-05,0
2.99869386411445e-05,0
3.00051953697548e-05,0
3.0103627016011e-05,0
3.03163532113793e-05,0
3.03675456480236e-05,0
3.03777006448653e-05,0
3.03911021537621e-05,0
3.04902939061235e-05,0
3.0619614952594e-05,0
3.06351455488649e-05,0
3.06568290712562e-05,0
3.06804162136959e-05,0
3.0751033796839e-05,0
3.09414167144226e-05,0
3.10926618457578e-05,0
3.14559227926138e-05,0
3.14651311048575e-05,0
3.15886638370122e-05,0
3.15935909764973e-05,0
3.16954616813502e-05,0
3.17293493644082e-05,0
3.23835523441247e-05,0
3.26496892256e-05,0
3.27894754878509e-05,0
3.27958682385067e-05,0
3.28094020194454e-05,0
3.32484528025611e-05,0
3.32570296883716e-05,0
3.32660546514349e-05,0
3.32859383675645e-05,0
3.34549792510762e-05,0
3.34700539353934e-05,0
3.34778488463305e-05,0
3.36718990929796e-05,0
3.37220730251577e-05,0
3.396148649951e-05,0
3.40331420975074e-05,0
3.4221950118398e-05,0
3.44473810017787e-05,0
3.45852396499424e-05,0
3.45954953093752e-05,0
3.46044740020535e-05,0
3.46224453763311e-05,0
3.46314380652579e-05,0
3.47180402817601e-05,0
3.47376757319831e-05,0
3.50061137042494e-05,0
3.50216856541299e-05,0
3.50372715124083e-05,0
3.50456063157312e-05,0
3.50548201972778e-05,0
3.53608273589379e-05,0
3.57798432746251e-05,0
3.59770501329182e-05,0
3.59827343442854e-05,0
3.60074904269161e-05,0
3.60684619399297e-05,0
3.62379821878014e-05,0
3.64043136559848e-05,0
3.66052597473007e-05,0
3.67557955268002e-05,0
3.69784116179238e-05,0
3.72620438213244e-05,0
3.74787720846696e-05,0
3.75536456862616e-05,0
3.76192098471284e-05,0
3.76356096282998e-05,0
3.82014565518601e-05,0
3.82813384113108e-05,0
3.82914403265211e-05,0
3.84381864955563e-05,0
3.85688714587203e-05,0
3.86117834319895e-05,0
3.86466005254382e-05,0
3.86690169186243e-05,0
3.87683390848482e-05,0
3.90635721560147e-05,0
3.92748846591806e-05,0
3.93721549661313e-05,0
3.93972054074835e-05,0
3.94236311698215e-05,0
3.95097258267888e-05,0
3.97692195524853e-05,0
4.00968857366528e-05,0
4.04645507525859e-05,0
4.06319018796141e-05,0
4.06598784088261e-05,0
4.06682886179329e-05,0
4.07456450173763e-05,0
4.08127223356924e-05,0
4.09975032772159e-05,0
4.17996168928729e-05,0
4.18383413783504e-05,0
4.19330351242951e-05,0
4.19542334697542e-05,0
4.20083102529691e-05,0
4.23243301369997e-05,0
4.24735432096313e-05,0
4.25590086583587e-05,0
4.27050091867888e-05,0
4.33317758705607e-05,0
4.33891758513396e-05,0
4.34131472877297e-05,0
4.34315674588879e-05,0
4.372063146596e-05,0
4.37725234036853e-05,0
4.37934188481436e-05,0
4.38298588206765e-05,0
4.41666915240724e-05,0
4.42593221781192e-05,0
4.43439296663581e-05,0
4.43747368405798e-05,0
4.46281418560159e-05,0
4.49265753644184e-05,0
4.49407973085458e-05,0
4.5123582497162e-05,0
4.52941763529394e-05,0
4.53876827670723e-05,0
4.54785272422082e-05,0
4.60045190986451e-05,0
4.61181229744962e-05,0
4.65813439542517e-05,0
4.67807735545056e-05,0
4.68614618206464e-05,0
4.69672170985871e-05,0
4.79691161638929e-05,0
4.81033690673308e-05,0
4.8128790890003e-05,0
4.81543641317349e-05,0
4.82220352029505e-05,0
4.82468938429512e-05,0
4.86463480945629e-05,0
4.88336133612734e-05,0
4.92142822815623e-05,0
4.93156494423899e-05,0
4.95892165454321e-05,0
4.98695038535713e-05,0
5.01761232505579e-05,0
5.02017167891806e-05,0
5.02145919339777e-05,0
5.05074833452937e-05,0
5.08877849095905e-05,0
5.10176440785692e-05,0
5.10661784025698e-05,0
5.12344701477059e-05,0
5.12755406707639e-05,0
5.15438658803546e-05,0
5.18663482827478e-05,0
5.21093472075377e-05,0
5.24718580802598e-05,0
5.25465711348673e-05,0
5.28146296575908e-05,0
5.30013858699414e-05,0
5.30326806729535e-05,0
5.30842118081148e-05,0
5.40135732805821e-05,0
5.41900865211851e-05,0
5.42798647075201e-05,0
5.43601826336901e-05,0
5.43786314438469e-05,0
5.43914353855423e-05,0
5.45745173713449e-05,0
5.47240662358561e-05,0
5.52523231807274e-05,0
5.54708001252654e-05,0
5.58265178010785e-05,0
5.59112415245339e-05,0
5.594847587666e-05,0
5.6409427429015e-05,0
5.65173933322987e-05,0
5.68476380793381e-05,0
5.68550967225967e-05,0
5.68849508780778e-05,0
5.69377751487813e-05,0
5.71155497285607e-05,0
5.74973072790985e-05,0
5.75234228993093e-05,0
5.77338607951993e-05,0
5.78377732600831e-05,0
5.8008982759436e-05,0
5.8087203554047e-05,0
5.84660023845718e-05,0
5.85844301253625e-05,0
5.8984369559444e-05,0
5.919222162128e-05,0
5.9310237747523e-05,0
5.94493242697425e-05,0
5.98797424729532e-05,0
6.01660736245874e-05,0
6.05830585334033e-05,0
6.06121122594949e-05,0
6.06990963229558e-05,0
6.08072776734133e-05,0
6.09237615022407e-05,0
6.12198252592018e-05,0
6.12820016086922e-05,0
6.13290166991964e-05,0
6.13612729357671e-05,0
6.18413032156576e-05,0
6.1898028355128e-05,0
6.19477427800108e-05,0
6.25813220031811e-05,0
6.27339578050313e-05,0
6.31927824803269e-05,0
6.331842035113e-05,0
6.37518432023114e-05,0
6.39480479707893e-05,0
6.42725377569462e-05,0
6.5163293311667e-05,0
6.5247705683058e-05,0
6.55903902893122e-05,0
6.56624902923592e-05,0
6.57083268009893e-05,0
6.59580483011356e-05,0
6.62752786801384e-05,0
6.63646436048566e-05,0
6.64212674180221e-05,0
6.66233798171421e-05,0
6.67770939686038e-05,0
6.69292924395538e-05,0
6.69658029845976e-05,0
6.74327154582498e-05,0
6.77192747602747e-05,0
6.77529959628442e-05,0
6.79925443719531e-05,0
6.80806526300325e-05,0
6.81019995778056e-05,0
6.84963031079144e-05,0
6.89622200656358e-05,0
6.9464498321644e-05,0
7.0013161683674e-05,0
7.01273046667131e-05,0
7.02942137961962e-05,0
7.03589915436071e-05,0
7.0779625054682e-05,0
7.09102254709465e-05,0
7.11442760407348e-05,0
7.13114359946513e-05,0
7.19859543795783e-05,0
7.22345281595848e-05,0
7.22705569632057e-05,0
7.22910646628498e-05,0
7.23721040346857e-05,0
7.24934014381513e-05,0
7.26060255953837e-05,0
7.27305007896096e-05,0
7.29625547908884e-05,0
7.38158034650348e-05,0
7.39731929245684e-05,0
7.41708631570377e-05,0
7.4349943766615e-05,0
7.44318517482164e-05,0
7.44943487067749e-05,0
7.45857010099015e-05,0
7.4989012376547e-05,0
7.52842585419633e-05,0
7.53313742543815e-05,0
7.62645903304462e-05,0
7.6636008055166e-05,0
7.68446683793516e-05,0
7.70811182185327e-05,0
7.73555656408397e-05,0
7.74628443211408e-05,0
7.77477838830619e-05,0
7.79694975049293e-05,0
7.80539708963301e-05,0
7.83671102993177e-05,0
7.88658854032134e-05,0
7.88923881740455e-05,0
7.90242905951224e-05,0
7.9499389506194e-05,0
7.95302790613794e-05,0
7.9673096152176e-05,0
8.08104398124e-05,0
8.09345743291284e-05,0
8.11774050197896e-05,0
8.13306083988774e-05,0
8.13472054684751e-05,0
8.14246844747304e-05,0
8.16602348278089e-05,0
8.17136391720103e-05,0
8.20493004205055e-05,0
8.25627598310865e-05,0
8.32294575073038e-05,0
8.37247695085685e-05,0
8.41000713640562e-05,0
8.49669348810845e-05,0
8.49867013885947e-05,0
8.5245751834793e-05,0
8.58206505669781e-05,0
8.58446293799633e-05,0
8.61614827225716e-05,0
8.63898445253916e-05,0
8.65433316579178e-05,0
8.66570967411994e-05,0
8.71500417119675e-05,0
8.76168323043364e-05,0
8.78289783412651e-05,0
8.79872940731086e-05,0
8.85308828473264e-05,0
8.86125192966185e-05,0
8.86639842184382e-05,0
8.90912988262826e-05,0
8.93341259883755e-05,0
8.96775018994875e-05,0
8.99850244878305e-05,0
9.04503285758886e-05,0
9.07370802004589e-05,0
9.10292347608755e-05,0
9.10854038720397e-05,0
9.12519942308686e-05,0
9.15337168646888e-05,0
9.19108809664622e-05,0
9.197259961732e-05,0
9.20728863489677e-05,0
9.2308680770602e-05,0
9.28653787210467e-05,0
9.35663912802198e-05,0
9.36180695897317e-05,0
9.39541126429237e-05,0
9.48801728045111e-05,0
9.52963634580761e-05,0
9.54883009953136e-05,0
9.56162299883266e-05,0
9.62559182123446e-05,0
9.64038402183525e-05,0
9.64739469683229e-05,0
9.66978388570183e-05,0
9.67391954952435e-05,0
9.69500324517895e-05,0
9.71509253259814e-05,0
9.7264088438816e-05,0
9.73630991433425e-05,0
9.76595421825543e-05,0
9.84944523439426e-05,0
9.85020383535777e-05,0
9.89568226603443e-05,0
9.9876374763796e-05,0
9.99563020416836e-05,0
0.000100435765854836,0
0.000100836201101152,0
0.000101403939674441,0
0.000101683849952348,0
0.000101783574057875,0
0.000101841568578288,0
0.000101974945399362,0
0.000102300579334427,0
0.00010260405931872,0
0.000102903764606405,0
0.000103739984792473,0
0.0001039223571247,0
0.000103968353454937,0
0.000104225607671154,0
0.000104332969028127,0
0.0001046313790549,0
0.000105059267290419,0
0.000105179554258574,0
0.000105202338560373,0
0.000105258913342911,0
0.000105295796603253,0
0.000106072879238313,0
0.000106130778509311,0
0.000106197434575721,0
0.000106223444728348,0
0.000106269809393829,0
0.000107679817281622,0
0.000108013995323223,0
0.000108093395559185,0
0.000108417388532596,0
0.000108712039566766,0
0.000108973923644454,0
0.000109428078646774,0
0.000109535122284399,0
0.000109554951097835,0
0.000109668118989222,0
0.000110373762591899,0
0.000110495822080128,0
0.000110899776098085,0
0.000111680511929414,0
0.000111940241299304,0
0.000112517479702381,0
0.000112650289292415,0
0.000112891776980608,0
0.00011301105889594,0
0.000113072221942466,0
0.00011345277345971,0
0.000113760987303482,0
0.000113797957361397,0
0.000113908660860794,0
0.000113929216203727,0
0.00011405318815721,0
0.000114139977544649,0
0.000114450842001351,0
0.000114703815761547,0
0.000114929913915686,0
0.000115030281963315,0
0.000115535767519174,0
0.000115703645042914,0
0.000116069991219714,0
0.000116407777805416,0
0.000117020215354589,0
0.000117177573569836,0
0.000117259580140105,0
0.000117346527890648,0
0.000117513833314059,0
0.000117961095768377,0
0.000118248860094705,0
0.000118287042852952,0
0.000118366478758399,0
0.000118553131752791,0
0.00011874005513539,0
0.000119088702145985,0
0.000119368548940789,0
0.000119694595630846,0
0.000120053815840235,0
0.000120415535176426,0
0.000120557666338952,0
0.000121461208810026,0
0.000121634247014712,0
0.000121710689993004,0
0.000121748230835033,0
0.000122361564937185,0
0.00012259546671743,0
0.000122695104511642,0
0.000122721831243218,0
0.000122772158809545,0
0.000122799615963176,0
0.000123222306544195,0
0.000123414773973916,0
0.000123689125415799,0
0.0001239412452887,0
0.000124260574717305,0
0.000125287831231714,0
0.000125766355570084,0
0.000125992574273974,0
0.000126063825627738,0
0.000126339412935065,0
0.00012659544894606,0
0.000127042952144591,0
0.000127149199937171,0
0.000127278947099838,0
0.000127644132515764,0
0.000128171368124736,0
0.000128432755149313,0
0.000128548674906934,0
0.000128620274219648,0
0.000130013816088237,0
0.000130077705565057,0
0.000130279117912995,0
0.00013048954101438,0
0.000131132090366984,0
0.000131424322375106,0
0.000131462406484573,0
0.000131504187513514,0
0.000131704685920751,0
0.000132046583565268,0
0.000132464855979365,0
0.000133351029421621,0
0.000134007941483594,0
0.000134784773769819,0
0.000134916888033348,0
0.000134971617088847,0
0.000135123862365493,0
0.000135453034093458,0
0.000135675740935628,0
0.000135893279608501,0
0.000136234452649979,0
0.000136998688539582,0
0.000137040704064627,0
0.000137425948753152,0
0.000138120427501119,0
0.000139162588131886,0
0.000139648591080106,0
0.000139989202525196,0
0.000140436409218597,0
0.000140808725565864,0
0.000141470013942573,0
0.000142390186116524,0
0.000142914034269359,0
0.000143230816943377,0
0.000143731976259171,0
0.000144074781533684,0
0.000144419369937758,0
0.000144611695085237,0
0.000144917977504848,0
0.000145701856221029,0
0.000146123669621924,0
0.000146787915540272,0
0.000147386091696955,0
0.000147651245426902,0
0.00014854677601379,0
0.00014883575773254,0
0.000149244771412029,0
0.000149520166429052,0
0.000150071738836089,0
0.000150478022197365,0
0.000150790058743785,0
0.000151076557085967,0
0.000151876092082379,0
0.000152353134052823,0
0.000153119533110533,0
0.000153447583099904,0
0.000153500304225746,0
0.000154228600582765,0
0.000154289380296227,0
0.000154408386015999,0
0.000154846979941059,0
0.000154895204973147,0
0.000155027021260246,0
0.000155381475466584,0
0.000155746153999143,0
0.000156229181112484,0
0.000156377692206222,0
0.000156505091816955,0
0.000156677287012294,0
0.00015753180068991,0
0.000157812816528037,0
0.000158268559741452,0
0.000158484203293739,0
0.000158827145779649,0
0.00015905146727176,0
0.0001592679441104,0
0.000159465934416683,0
0.000159532443515752,0
0.000159630464300345,0
0.000160911952827546,0
0.00016180448192844,0
0.000161939658130393,0
0.000161952614588332,0
0.00016201815328839,0
0.000162056328286892,0
0.000162206799512253,0
0.000162854698731861,0
0.000163066702866558,0
0.000163274517905765,0
0.00016350740919261,0
0.00016393218203783,0
0.000164221929944901,0
0.00016436755758795,0
0.000164724270565797,0
0.000164845196573914,0
0.000165223264832549,0
0.000166193056711312,0
0.000166717334083023,0
0.000166868014478849,0
0.000167155241421837,0
0.000167680084942945,0
0.000167775317727048,0
0.00016802577593265,0
0.000168240017849526,0
0.000168344126366397,0
0.000169342263567144,0
0.000170086636540239,0
0.000171438373234717,0
0.000171934418635685,0
0.000172603448708075,0
0.000172685129687638,0
0.000173157226047312,0
0.000173255563494704,0
0.000173625970560696,0
0.000173906461965795,0
0.000174251841247308,0
0.000174353112647574,0
0.00017440684907652,0
0.000174463161901695,0
0.000174560077937852,0
0.000174748787894116,0
0.000175365251838672,0
0.000175898226979328,0
0.000176896170766761,0
0.000177009324132912,0
0.00017767458197051,0
0.000178417079908527,0
0.000178746332570153,0
0.000179914147054497,0
0.000180118808419289,0
0.000181357071328153,0
0.000181516371683732,0
0.000181792261595055,0
0.000182202170869291,0
0.000182738198160086,0
0.000183089298761266,0
0.000183429129532906,0
0.000183558494288749,0
0.000184094503864615,0
0.000184429499705513,0
0.000184589744875493,0
0.000186186174565285,0
0.000186294708747869,0
0.00018673958109513,0
0.000187239696072392,0
0.00018774486943741,0
0.000188138416033941,0
0.000188302279760867,0
0.000188539632662942,0
0.000189276986885206,0
0.000190171493588596,0
0.000190918076025384,0
0.000191400749697765,0
0.000191746380333811,0
0.000192873479477721,0
0.000193143205179854,0
0.000193495163440419,0
0.000193916605191019,0
0.000194231878523965,0
0.000195114462743116,0
0.000195656130710032,0
0.000196043415566342,0
0.000197248243981233,0
0.000197275302003123,0
0.000197560022865296,0
0.000197770335341213,0
0.000198003928289121,0
0.000199106480699215,0
0.000199701645610485,0
0.000200293692983463,0
0.000201028363411231,0
0.000201857602922659,0
0.000202429771301582,0
0.000202738110807306,0
0.000202833668708481,0
0.000204547402514558,0
0.000205481381549522,0
0.000205564312358921,0
0.000207307675651962,0
0.000208056188490164,0
0.000208217377734419,0
0.000208329475066611,0
0.000208406116095845,0
0.000208933678515553,0
0.000210478249704004,0
0.000210917369911125,0
0.000212253002416469,0
0.000213008078379759,0
0.000213195329886706,0
0.000213740938620255,0
0.000213950430161492,0
0.000215108828517474,0
0.000216407128029701,0
0.000217000233504558,0
0.00021717611986971,0
0.000217331905972722,0
0.000218138637070343,0
0.000219468802057346,0
0.000221124297581495,0
0.00022203556535837,0
0.000222640610201427,0
0.00022287733717252,0
0.000223619637547497,0
0.000224892092240721,0
0.000225629411571731,0
0.000226354419979933,0
0.000227161986054728,0
0.000227570931819933,0
0.000228163736485602,0
0.000228791879529106,0
0.000229898897087121,0
0.00023081935750145,0
0.000231381621826147,0
0.000232449456227755,0
0.00023333756859916,0
0.000233530502997096,0
0.000234383113240809,0
0.000234687550268312,0
0.000234910422948963,0
0.000236328874976596,0
0.000236978514212814,0
0.000238845376231196,0
0.000238969382539524,0
0.000239601905615915,0
0.000240105880706662,0
0.000241003488173817,0
0.000241428953724605,0
0.000241616550763162,0
0.000242551110536492,0
0.00024322799134681,0
0.00024378809547481,0
0.000245428021969513,0
0.000246207985964704,0
0.000246763046096159,0
0.000247554143059533,0
0.00024821791154962,0
0.000249099374820705,0
0.000249967663544682,0
0.000251310552916683,0
0.000251636924891229,0
0.000251946367551723,0
0.000252528319141553,0
0.000252852287706117,0
0.000253500415418221,0
0.000254537277218624,0
0.000255414426672767,0
0.000257113237941272,0
0.000257409466890024,0
0.000258010259529496,0
0.000259091730265409,0
0.000261563513350222,0
0.000262717442833481,0
0.000263574115051484,0
0.000263968153649834,0
0.000264424076146515,0
0.000264994588754619,0
0.000266001423740447,0
0.00026821058268844,0
0.000269081527335445,0
0.000270567376610922,0
0.000272448668124917,0
0.000272648221946384,0
0.000274622158729586,0
0.000275828602022196,0
0.000277019030098937,0
0.000277451172559956,0
0.00027922963902701,0
0.000280036785015346,0
0.000280205960895562,0
0.000280756968687761,0
0.00028110591171862,0
0.00028290016937311,0
0.000283541756086189,0
0.0002843021894944,0
0.000285587647166545,0
0.000286290647466815,0
0.000287469703807119,0
0.000287905798591006,0
0.000289709715885333,0
0.000290985434399445,0
0.000291329022640893,0
0.000293021026933537,0
0.000294014813223655,0
0.000294809963871973,0
0.000295767580873332,0
0.000297401367049342,0
0.000299332791463436,0
0.000300688610809197,0
0.000301935334473358,0
0.000302442324587107,0
0.0003030904639231,0
0.000304121801470468,0
0.000305102894685659,0
0.000305919467643425,0
0.00030754073304679,0
0.000308511681962071,0
0.00031032184228497,0
0.00031072906190954,0
0.000311269273906455,0
0.00031257081212649,0
0.000313195200709686,0
0.000314178059747794,0
0.000314859974182041,0
0.000316803655271883,0
0.000319170479972644,0
0.000320720981664923,0
0.000323699624433575,0
0.000325252344314955,0
0.000328277326191135,0
0.000331157627381069,0
0.000331790722169107,0
0.000333445191185703,0
0.000333944414824059,0
0.000334710570040276,0
0.00033521308774841,0
0.00033738852836236,0
0.00033799379437517,0
0.000338717738056161,0
0.000339671969535641,0
0.000340160169198409,0
0.000340754130294685,0
0.000343097173636007,0
0.000344342398310372,0
0.000344778737624951,0
0.000345887694770561,0
0.000346871214099515,0
0.000348112408628725,0
0.000348383540691213,0
0.000350455594905365,0
0.000352205855422992,0
0.000352921561110881,0.0040650406504065
0.000353531431286787,0.0040650406504065
0.000355071177816644,0.0040650406504065
0.00035674960812459,0.0040650406504065
0.00035829179424924,0.0040650406504065
0.000360255536636002,0.0040650406504065
0.000361227310654625,0.0040650406504065
0.000364014652617546,0.0040650406504065
0.00036527287705343,0.0040650406504065
0.000366300857562188,0.0040650406504065
0.000368385641635958,0.0040650406504065
0.000368998619898246,0.00408163265306122
0.000369835170535857,0.00408163265306122
0.000373583720391118,0.00408163265306122
0.00037415900531766,0.00408163265306122
0.000376055094327985,0.00408163265306122
0.00037825964776244,0.00408163265306122
0.00038073273051984,0.0040983606557377
0.000382600086604863,0.0040983606557377
0.000383186725599992,0.0040983606557377
0.000383794704576966,0.00411522633744855
0.000385902040875795,0.00411522633744855
0.000386864465054489,0.004149377593361
0.000387398912140267,0.00444444444444445
0.000390156383154507,0.00448430493273543
0.000391168729878267,0.00448430493273543
0.000391832179931942,0.00448430493273543
0.000392940153405108,0.00448430493273543
0.000395942332671682,0.00448430493273543
0.000396610905133609,0.00448430493273544
0.000397189785363135,0.00448430493273544
0.000400178490805735,0.00448430493273544
0.000400557342857848,0.00448430493273544
0.000402388107822982,0.00448430493273544
0.000403766103168574,0.00448430493273544
0.000404842929184176,0.00448430493273544
0.000405940904127635,0.00448430493273544
0.000407745066680956,0.00450450450450451
0.000408802708934159,0.00450450450450451
0.000411085602226641,0.00450450450450451
0.000414991624268446,0.00450450450450451
0.000415788180442896,0.00450450450450451
0.000416746246384609,0.00450450450450451
0.000417642033401422,0.00452488687782804
0.000418901141133903,0.00454545454545455
0.000420910189724972,0.00462962962962962
0.000422858686695064,0.00462962962962962
0.000423527559911085,0.00462962962962962
0.000424839756382813,0.00462962962962962
0.000426842609743956,0.00462962962962962
0.000430116091610267,0.00462962962962962
0.000432342394413513,0.00462962962962962
0.000434516254465225,0.00462962962962962
0.000436505247424901,0.00462962962962962
0.000438959999005776,0.00462962962962962
0.00044058503508726,0.00462962962962962
0.00044091527825242,0.00462962962962962
0.000443167235793109,0.00462962962962962
0.000444475779107359,0.00462962962962965
0.000446319180644635,0.00462962962962965
0.000448099692131258,0.00462962962962965
0.000450891253808632,0.00462962962962965
0.000452828452013612,0.00462962962962965
0.00045452419125633,0.00465116279069766
0.000455960443351919,0.00465116279069766
0.000457436602785851,0.00465116279069766
0.000458189481874838,0.00465116279069766
0.000460268866628177,0.00465116279069766
0.00046120791847762,0.00465116279069766
0.00046330847037318,0.00478468899521534
0.000466578242213379,0.00478468899521534
0.000467367669628351,0.00478468899521534
0.000469287106965901,0.00478468899521534
0.000470118283060591,0.00478468899521534
0.000471319949499876,0.00478468899521534
0.000472561350294652,0.00478468899521534
0.000473634918439118,0.00478468899521534
0.000476583113940419,0.00478468899521534
0.000479686168482593,0.00478468899521534
0.00048243154991233,0.00478468899521534
0.00048434193776274,0.00478468899521534
0.00048634503690921,0.00478468899521534
0.0004897333345466,0.00478468899521534
0.000490411522562544,0.00478468899521534
0.000492980301233791,0.00478468899521534
0.000494368594461396,0.00480769230769229
0.000495127126533794,0.00480769230769229
0.000497721816322566,0.00480769230769229
0.000498476480205309,0.00480769230769229
0.000499035159443551,0.00480769230769229
0.000500546299268239,0.00480769230769229
0.000501592489711897,0.00480769230769229
0.000502833632693512,0.00480769230769229
0.00050428697446534,0.00480769230769229
0.000505451712727862,0.00480769230769229
0.00050570732622361,0.00480769230769229
0.000506254867527867,0.00480769230769229
0.000507075965283729,0.00480769230769229
0.000507612611573467,0.00480769230769229
0.000510347600862016,0.00480769230769229
0.00051221513964368,0.00480769230769229
0.00051410555782864,0.00480769230769229
0.000517346661095152,0.00480769230769229
0.00051887916892332,0.00480769230769229
0.00052117151085523,0.00480769230769229
0.000524662332858069,0.00480769230769229
0.0005288382816315,0.00480769230769229
0.000530370631563955,0.00483091787439614
0.000533976032170912,0.00483091787439614
0.000534632254006536,0.00483091787439614
0.000537399483535634,0.00483091787439616
0.000538956686692612,0.00485436893203883
0.000540264954539655,0.00485436893203883
0.000541754558639894,0.00485436893203883
0.00054298520076204,0.00497512437810943
0.000543850763461421,0.00497512437810943
0.000544791433741347,0.00497512437810943
0.000546155368573906,0.00497512437810943
0.000547922590780709,0.00497512437810943
0.000551172391279749,0.00497512437810943
0.000556077104794347,0.00497512437810943
0.000557091853772579,0.00497512437810943
0.000561297594118943,0.00497512437810943
0.000563920740735289,0.00497512437810943
0.000565387864631123,0.00497512437810943
0.00056739435234217,0.00497512437810943
0.000570319343912064,0.00497512437810943
0.000571037758888126,0.00497512437810943
0.000573617406749168,0.005
0.000579755982963599,0.005
0.000581612754890656,0.005
0.000583153815109619,0.005
0.000587501789438529,0.005
0.000591450310709744,0.005
0.000594418443566799,0.005
0.000595287807766468,0.00505050505050508
0.000600317717426376,0.00505050505050508
0.000600833944052136,0.00505050505050508
0.000602625947116042,0.00505050505050508
0.00060347680582244,0.00505050505050508
0.000604098244711492,0.00505050505050508
0.000605565061102971,0.00505050505050508
0.000611027626258514,0.00505050505050508
0.000613723494734502,0.00505050505050508
0.000616008624005348,0.00505050505050508
0.000619418569259204,0.00507614213197971
0.000619905086061109,0.00507614213197971
0.000620966394682293,0.00507614213197971
0.000622959290474063,0.00507614213197971
0.000625970990753516,0.00512820512820511
0.000627898807513962,0.00512820512820511
0.000629167187414091,0.00512820512820511
0.000631149356279396,0.00512820512820511
0.000633945539273741,0.00512820512820511
0.000635429492694208,0.00512820512820511
0.00063972418923277,0.00512820512820511
0.000640568406875538,0.00512820512820511
0.000642072076760599,0.00512820512820511
0.00064281504796338,0.00512820512820511
0.000645138859512901,0.00512820512820511
0.000646946708297768,0.00512820512820511
0.000648817674218323,0.00512820512820511
0.00065237110647584,0.00512820512820511
0.000653882811911619,0.00512820512820511
0.000654359977918491,0.00512820512820511
0.000656159171863177,0.00512820512820511
0.000657267072940133,0.00512820512820511
0.00065862436956104,0.00512820512820511
0.000661504480818094,0.00512820512820511
0.000662749669831597,0.00512820512820511
0.000665010250787383,0.00512820512820511
0.000668169292917622,0.00512820512820511
0.000669955041756092,0.00512820512820511
0.00067291319055708,0.00512820512820511
0.000676438752565913,0.00512820512820511
0.000680741841190013,0.00512820512820511
0.000683898061781201,0.00512820512820511
0.000687617116079715,0.00512820512820511
0.000690228719965753,0.00512820512820511
0.000692999725971405,0.00512820512820511
0.000695029908140221,0.00512820512820511
0.000697720299755011,0.00515463917525771
0.00070198220655728,0.00515463917525771
0.000703278348557632,0.00515463917525771
0.000707120090593828,0.00515463917525771
0.000708478069371283,0.00520833333333337
0.000712480167211167,0.00621118012422361
0.000714080777967924,0.00621118012422361
0.000716355068612683,0.00621118012422361
0.000717594832929634,0.00621118012422361
0.000720290909398249,0.00621118012422361
0.000722257109738259,0.00621118012422361
0.000724273825540051,0.00621118012422361
0.000726365342725961,0.00621118012422361
0.000729329629538811,0.00621118012422361
0.000729927798261083,0.00621118012422361
0.000731730085295026,0.00621118012422361
0.000733503062018612,0.00621118012422361
0.000735022112455207,0.00624999999999998
0.000735840023270561,0.00624999999999998
0.000739507835921921,0.00624999999999998
0.000741215202991651,0.00628930817610063
0.000748206898372737,0.00628930817610063
0.000749820739752567,0.00632911392405061
0.000752954511144171,0.00632911392405061
0.00075559868946795,0.00813008130081294
0.000758942442051423,0.00813008130081294
0.000761349189828139,0.00813008130081294
0.000765566458377186,0.00813008130081294
0.00076613466798503,0.00816326530612255
0.000769767955805261,0.00819672131147531
0.000772121987982639,0.00819672131147531
0.000775461155036824,0.00829875518672196
0.000779492445355909,0.00843881856540074
0.000781245731150817,0.00888888888888895
0.000785856603960157,0.00896860986547088
0.000787324221120023,0.00896860986547088
0.000788750373453074,0.00896860986547088
0.00079080676855048,0.00896860986547088
0.000792775482784858,0.00896860986547088
0.000798848901402411,0.00896860986547088
0.000801214557371022,0.00896860986547088
0.000804617833945349,0.00896860986547088
0.000809114672975141,0.00900900900900892
0.000814457931897746,0.00900900900900892
0.000817124828456052,0.00900900900900892
0.000821250078805066,0.00900900900900892
0.000827669961040186,0.00904977375565608
0.00083184583909245,0.00913242009132431
0.000834575587927845,0.0092592592592593
0.00083649628246104,0.0092592592592593
0.00084034354415439,0.0092592592592593
0.000841588935481174,0.0092592592592593
0.00084398400387283,0.0092592592592593
0.000847714812506604,0.0092592592592593
0.000849649374876159,0.0092592592592593
0.000854530644444483,0.00930232558139532
0.000860247525708953,0.00930232558139532
0.000861666899083283,0.00930232558139532
0.00086509901459066,0.00934579439252325
0.000869853634115152,0.00934579439252325
0.000873448466968689,0.00934579439252325
0.000881891719483724,0.00934579439252325
0.000887441860580845,0.00934579439252325
0.000891690987400566,0.00934579439252325
0.000899220896754405,0.00934579439252325
0.000902087238174101,0.00934579439252325
0.000903148355734597,0.00934579439252325
0.000905300853929671,0.00934579439252325
0.000907977073860593,0.00934579439252325
0.000911169742473197,0.00934579439252325
0.000915942921866606,0.00934579439252325
0.000919208882913107,0.00934579439252325
0.000921554320192887,0.00934579439252325
0.000923959151817983,0.00934579439252325
0.000928346396583418,0.00934579439252325
0.000933391801851517,0.00934579439252325
0.000940259191685243,0.00943396226415083
0.000944936672261628,0.00943396226415083
0.000948167283639349,0.00956937799043067
0.000953981598554324,0.00956937799043067
0.000956813472794844,0.00956937799043067
0.000960552041165321,0.00956937799043067
0.000964753765805533,0.00956937799043067
0.000967395633224107,0.00956937799043067
0.000972152532902777,0.00956937799043067
0.000974106664304062,0.00956937799043067
0.000976931530616293,0.00956937799043067
0.000983088282152852,0.00956937799043067
0.000986986035397745,0.00956937799043067
0.000992906375338351,0.00961538461538458
0.000997965726851114,0.00961538461538458
0.00100583859668071,0.00961538461538458
0.00100785910314299,0.00961538461538458
0.00101231687886625,0.00961538461538458
0.0010160015573397,0.00961538461538458
0.00101920330432328,0.00966183574879231
0.00102246939280123,0.00966183574879231
0.00102599279592028,0.00966183574879231
0.00103032303955722,0.00970873786407767
0.00103164707061721,0.00970873786407767
0.00103241521032571,0.00970873786407767
0.00103778308038891,0.00975609756097562
0.00104252776378453,0.00995024875621886
0.00104681948972267,0.00995024875621886
0.00105057067423208,0.00995024875621886
0.00105407563091895,0.00995024875621886
0.00105763386901263,0.00995024875621886
0.00106045531518592,0.00995024875621886
0.00106602981298797,0.00995024875621886
0.00107088284225826,0.00995024875621886
0.00107634923075469,0.00995024875621886
0.00107930099967484,0.01
0.00108252070632491,0.01
0.00108812624864703,0.01
0.00109237427114147,0.01
0.00110376589396031,0.01
0.00110721834920748,0.01
0.00111049568836037,0.01
0.00111447031244711,0.01
0.00111780197340936,0.0101010101010102
0.00112103992216198,0.0101010101010102
0.00112705323422708,0.0101010101010102
0.00112780234120566,0.0101010101010102
0.00113011035849403,0.0101010101010102
0.00113134199546834,0.0101522842639594
0.00113223562562701,0.0101522842639594
0.00113442298901191,0.0101522842639594
0.00113563669801211,0.0102564102564102
0.00113900874664453,0.0102564102564102
0.0011422229156561,0.0102564102564102
0.00114677253030766,0.0102564102564102
0.00114910129633462,0.0102564102564102
0.00116183602831849,0.0102564102564102
0.00116608735775908,0.0102564102564102
0.00117755128266443,0.0103092783505154
0.00119203772243405,0.0105263157894737
0.00119915678040346,0.0105263157894737
0.00121043011387658,0.0121951219512195
0.00121859086070185,0.0121951219512195
0.00122144011121485,0.0122448979591838
0.00122325937272217,0.0122448979591838
0.00122981262084865,0.0122448979591838
0.00124154853903497,0.012422360248447
0.00124849319441197,0.012422360248447
0.00126000987058246,0.012422360248447
0.00126533034277424,0.012422360248447
0.00127438057770103,0.012422360248447
0.00128106285852724,0.012422360248447
0.00128595788479704,0.012422360248447
0.00129352404071242,0.0125000000000002
0.00130272658660477,0.0125000000000002
0.00130723881763895,0.0125786163522013
0.0013176793425864,0.0125786163522013
0.0013233758266468,0.0125786163522013
0.00132856190403152,0.0127659574468084
0.00133335458453052,0.0134529147982061
0.00134181058471418,0.0134529147982061
0.00134603987080128,0.0134529147982061
0.00135075749263054,0.0134529147982061
0.00135852400758939,0.0134529147982061
0.00136237191732897,0.0134529147982061
0.00137182897266898,0.0134529147982061
0.0013787292188145,0.0134529147982061
0.00138333662724807,0.0134529147982061
0.00139136742302655,0.0134529147982061
0.00140131824168524,0.0136363636363637
0.00140401353676773,0.0138888888888888
0.00140737370359373,0.0138888888888888
0.00141168997839528,0.0138888888888888
0.00142555701375393,0.0138888888888888
0.00143228274029153,0.0138888888888888
0.00145380889876597,0.0138888888888888
0.00145896698960029,0.0139534883720929
0.00146387925753384,0.0139534883720929
0.00146760505599146,0.0139534883720929
0.00147099990491743,0.0143540669856459
0.0014803068568998,0.0143540669856459
0.00148417867037378,0.0143540669856459
0.00149476512648417,0.0143540669856459
0.00150367138674643,0.0143540669856459
0.00151482849187744,0.0143540669856459
0.00152938023523527,0.0143540669856459
0.00153910498546609,0.0143540669856459
0.00154175871118661,0.0144230769230771
0.00154597991641185,0.0144230769230771
0.0015523492978549,0.0144230769230771
0.00156093324477102,0.0144230769230771
0.00156802952898505,0.0144230769230771
0.00157691095112927,0.0144927536231885
0.00158479890591203,0.0144927536231885
0.00158885931819493,0.0144927536231885
0.00160483183954851,0.0145631067961167
0.00161295857624775,0.0145631067961167
0.0016195185553616,0.0149253731343282
0.00162942997181282,0.0149253731343282
0.00163506930342683,0.0149253731343282
0.00164157341246706,0.0149253731343282
0.00165430284555932,0.0149253731343282
0.00167127945725062,0.0150000000000001
0.0016824589389742,0.0150000000000001
0.00169124260715886,0.0151515151515151
0.00169938738929844,0.0151515151515151
0.0017105272532028,0.0151515151515151
0.00172804907632907,0.0151515151515151
0.00174307680900821,0.0151515151515151
0.0017543826108286,0.0151515151515151
0.00176894430354826,0.0151515151515151
0.00178290990188843,0.0151515151515151
0.00180767340540989,0.015228426395939
0.00181838663178602,0.015228426395939
0.00183086992023941,0.015228426395939
0.00184292296482691,0.0153846153846153
0.00184695392829572,0.0153846153846153
0.00185302730184622,0.0153846153846153
0.00185940738663429,0.0153846153846153
0.00186518767599412,0.0153846153846153
0.00188079472539487,0.0154639175257731
0.00189125631660337,0.0162601626016259
0.00189652074948418,0.0163265306122451
0.00190081946745394,0.0163265306122451
0.00190887753813141,0.0179372197309418
0.00191845746147799,0.0179372197309418
0.00192151469052861,0.0179372197309418
0.00192812383679479,0.0180180180180178
0.00193502221706602,0.0180180180180178
0.00194354672681567,0.0180995475113122
0.0019547931824881,0.0185185185185186
0.00196092367476197,0.0186046511627906
0.00196603206676694,0.018633540372671
0.00197155530930952,0.018633540372671
0.00197756918292713,0.018633540372671
0.00199169259447997,0.018633540372671
0.00199577513632899,0.018633540372671
0.00201125986674169,0.0186915887850465
0.00202407649902493,0.0186915887850465
0.00202612435323838,0.0186915887850465
0.00203311113945426,0.0186915887850465
0.00205029673024529,0.0186915887850465
0.00206561121542235,0.0186915887850465
0.00207176655241432,0.0186915887850465
0.0020782956631454,0.0186915887850465
0.00208059401416947,0.0186915887850465
0.00209414772193739,0.0186915887850465
0.00210846995469724,0.0187499999999998
0.0021176441469995,0.0188679245283021
0.0021236970955792,0.0191387559808613
0.00213318843451671,0.0191387559808613
0.00215130116654016,0.0191387559808613
0.0021554388936519,0.0191387559808613
0.00215972611941165,0.0191387559808613
0.00216239563065206,0.0191387559808613
0.00217390805711031,0.0191387559808613
0.00218899664488288,0.0191387559808613
0.00219846445091338,0.0192307692307692
0.00220607545856919,0.0192307692307692
0.0022200834209736,0.0192307692307692
0.0022301779171959,0.0192307692307692
0.00223865702353297,0.0192307692307692
0.0022546648825093,0.0192307692307692
0.00225955647499119,0.0192307692307692
0.00226543807669504,0.0192307692307692
0.00227352045434544,0.0193236714975846
0.00228061413892807,0.0193236714975846
0.00229075424297218,0.0199004975124382
0.00229542269344844,0.0199999999999996
0.0023138861252046,0.0199999999999996
0.00234716109809108,0.0202020202020199
0.00235894541024933,0.0203045685279184
0.00237459339113164,0.0204918032786887
0.00237746807274134,0.0205128205128204
0.00238373393471472,0.0205128205128204
0.00238589217937436,0.0205128205128204
0.00239274946683797,0.0205128205128204
0.00239617700401021,0.0205761316872426
0.00241196883720246,0.0206611570247937
0.00242240997930093,0.0207253886010363
0.00242696336726954,0.0210084033613445
0.00243701524547209,0.0210526315789474
0.00244847637471729,0.0212765957446805
0.00245190857894943,0.0224215246636774
0.00245773583118711,0.0224215246636774
0.00247165400772547,0.0224215246636774
0.00248023186695449,0.0227272727272725
0.00248869180561585,0.0231481481481479
0.00251036526668134,0.0231481481481479
0.00251695293949029,0.0233644859813085
0.00252616534174954,0.0239234449760763
0.00253426497857512,0.0239234449760763
0.00253825777284182,0.0239234449760763
0.00254267779381249,0.0239234449760763
0.00255278601345531,0.0239234449760763
0.00255818532857553,0.0239234449760763
0.00256241320873777,0.0240384615384617
0.00257213232138256,0.0240384615384617
0.00258863577086569,0.0241545893719808
0.00259223068291788,0.0241545893719808
0.00260306162482776,0.024390243902439
0.00262476949927464,0.024390243902439
0.00263908302912631,0.024390243902439
0.00265052177068655,0.024844720496894
0.00266559569513067,0.024844720496894
0.00267539278843578,0.024844720496894
0.00268426896283033,0.024844720496894
0.00269299092508142,0.024844720496894
0.00269758075263034,0.024844720496894
0.00270700575258163,0.024844720496894
0.00272717138447401,0.0248756218905477
0.00274353224318382,0.0248756218905477
0.00275426874113484,0.0248756218905477
0.00276084612989669,0.0250000000000004
0.00277412647313982,0.0250000000000004
0.00279940173751917,0.0250000000000004
0.00280644066203659,0.0251572327044025
0.0028178908714227,0.0251572327044025
0.00282711998509938,0.0252525252525251
0.00284640684270984,0.0252525252525251
0.00285701807268393,0.0253807106598982
0.00286782810755108,0.0253807106598982
0.00288544302233383,0.0255102040816331
0.00289103261808969,0.0256410256410255
0.00289796222102742,0.026041666666667
0.00291736575847826,0.0269058295964122
0.0029379822083789,0.0269058295964122
0.00295560661284613,0.0270270270270272
0.00298090609949332,0.0272727272727273
0.00298817931795529,0.0277777777777777
0.00299398420447621,0.0277777777777777
0.00300815823078847,0.0279069767441857
0.00302975594702448,0.02803738317757
0.00303447214364121,0.02803738317757
0.00305173718610569,0.0283018867924527
0.00306233393038817,0.0283018867924527
0.00307537347273617,0.0284552845528454
0.00308554623816109,0.0285714285714285
0.00311809193515842,0.0285714285714285
0.00313667407687198,0.0287081339712918
0.00314467912693969,0.0288461538461542
0.0031686120982597,0.0288461538461542
0.00320357425217379,0.0288461538461542
0.00321436353388978,0.0288461538461542
0.00323129820846188,0.0288461538461542
0.00324618726714969,0.0288461538461542
0.00326186537884485,0.0289855072463769
0.00327334238495742,0.0291262135922334
0.00328538501247275,0.0298507462686564
0.00330419100288236,0.0298507462686564
0.00331355589751433,0.0298507462686564
0.00333801042873904,0.0303030303030303
0.00335378686295646,0.0307692307692307
0.00337984123121479,0.0307692307692307
0.00340000148609739,0.0307692307692307
0.00340465925609565,0.0307692307692307
0.00342229217921279,0.0310559006211184
0.00344125349312202,0.0310559006211184
0.0034584549113103,0.0310559006211184
0.00348857780267604,0.0310559006211184
0.00350329228627798,0.0310559006211184
0.00355242035374721,0.03125
0.00356511310409445,0.0313901345291479
0.00357873439537181,0.0315789473684207
0.00358464905035137,0.0316455696202533
0.00360200856954218,0.0319148936170217
0.00361269345397181,0.0324074074074074
0.00362860450041299,0.0325203252032518
0.00366150714688915,0.0334928229665072
0.00367795845770419,0.0334928229665072
0.00369215787851363,0.0334928229665072
0.00369795435686431,0.0336538461538458
0.00371276109583137,0.0348258706467659
0.0037409145030228,0.0348258706467659
0.00375635804622227,0.0348258706467659
0.00379047274134086,0.0348258706467659
0.00381079123168171,0.0351758793969852
0.0038262549270787,0.0353535353535355
0.0038470948027117,0.0353535353535355
0.00386247560445366,0.0353535353535355
0.00390229364965934,0.0353535353535355
0.00392899318647605,0.0358744394618835
0.00394671702788643,0.0358744394618835
0.00396854351966744,0.0358744394618835
0.00400611675754856,0.0358744394618835
0.00403764252937836,0.0358744394618835
0.00405418785358761,0.0358974358974358
0.00407060994571171,0.0358974358974358
0.00411759350351225,0.0358974358974358
0.0041522942593005,0.0362694300518136
0.00416821306917504,0.0372670807453419
0.00417704533295122,0.0372670807453419
0.00418069918041082,0.0372670807453419
0.00419710830422446,0.0372670807453419
0.00420802582837345,0.0373831775700939
0.00422395693403613,0.0373831775700939
0.00427708862458752,0.0373831775700939
0.00430088016398011,0.0374999999999996
0.00435080964381051,0.0377358490566042
0.00440138733219344,0.0382775119617227
0.00444046818515932,0.0384615384615383
0.00450248798409587,0.0384615384615383
0.00453089754255996,0.0384615384615383
0.00454303709556575,0.0384615384615383
0.00457263712475503,0.0384615384615383
0.00459766749111038,0.0388349514563107
0.00463229738969213,0.0392156862745097
0.00464572796604054,0.0398009950248763
0.00467223229775546,0.0399999999999991
0.00469364409334509,0.0399999999999991
0.00472687965793715,0.0399999999999991
0.00481609559657561,0.0403587443946183
0.00482892621336936,0.0403587443946183
0.00486524804147425,0.0403587443946183
0.00491507818154954,0.0404040404040398
0.00494892582010011,0.0404040404040398
0.00496170568842819,0.0405405405405403
0.00497586748646473,0.0405405405405403
0.00500617928838715,0.0406091370558368
0.00503779144638679,0.0406504065040654
0.00505489865395281,0.0408163265306118
0.00508413799251272,0.0410256410256409
0.00509275207372627,0.0410256410256409
0.00515015935070066,0.0416666666666661
0.00522773251450755,0.0421052631578949
0.00523579756815208,0.0430622009569372
0.00525447455255678,0.0430622009569372
0.00527651508971695,0.04326923076923
0.00531257693971472,0.0437499999999993
0.00535366130948665,0.0437499999999993
0.00537012368160872,0.0440251572327046
0.00538664945423797,0.0447154471544717
0.00540076084664697,0.0447154471544717
0.00543190173377253,0.0447761194029859
0.0054602902829142,0.0447761194029859
0.00549119115913359,0.0448430493273548
0.00556489741853621,0.045045045045045
0.00558958471039767,0.045045045045045
0.00562734798704382,0.0452261306532655
0.0056514637538817,0.045454545454545
0.00567850936132019,0.045454545454545
0.0057561670847741,0.0456852791878166
0.00580902514777602,0.0462184873949578
0.00587764168350994,0.0462962962962958
0.00590025762202157,0.0462962962962958
0.00592066641154967,0.0463917525773194
0.00599199306495538,0.0467289719626169
0.00602931236287068,0.0467289719626169
0.00605170277925733,0.0467289719626169
0.00607847754075879,0.0478468899521527
0.00612741684238186,0.0478468899521527
0.00614414736834374,0.0480769230769234
0.00615872145828216,0.0480769230769234
0.00617705323019618,0.0480769230769234
0.00618936744185548,0.0480769230769234
0.00621579901097844,0.0487804878048781
0.00625859106330876,0.0493273542600896
0.00628639012785741,0.0497512437810936
0.00637194626065333,0.0500000000000007
0.00639306736894583,0.0500000000000007
0.00641374813363611,0.0500000000000007
0.00643160280415989,0.0502512562814061
0.00646211643392265,0.0526315789473681
0.00650209418651914,0.0526315789473681
0.00656575318622149,0.0538116591928244
0.00658695669052882,0.0538116591928244
0.00662609002125094,0.0542986425339365
0.00665449975861492,0.0547263681592032
0.00667157605073945,0.0547263681592032
0.00671739412415866,0.0549999999999997
0.00673851409417086,0.0555555555555554
0.00677274869481938,0.0555555555555554
0.00678357060465537,0.0555555555555554
0.00683597473523732,0.0558375634517763
0.00684892358953439,0.0559006211180115
0.00686919734522085,0.0559006211180115
0.00688632104525818,0.0559006211180115
0.00695378091877726,0.05607476635514
0.00701401493422637,0.05607476635514
0.00709937082247404,0.05607476635514
0.00713317468817424,0.05607476635514
0.00716120437824649,0.05607476635514
0.00720435712818863,0.0574162679425836
0.00724443447537459,0.0576923076923084
0.00727613503935328,0.0576923076923084
0.00731864528390772,0.0576923076923084
0.0073503400375066,0.0576923076923084
0.00740103230037882,0.0579710144927539
0.0074258690500584,0.0582959641255609
0.00744940435879418,0.0585365853658537
0.00746674875730811,0.0588235294117645
0.00750171781087493,0.0597014925373127
0.00752344608823365,0.0601851851851851
0.00756163655603785,0.0601851851851851
0.00759905332212616,0.0615384615384613
0.00766261191844656,0.0621118012422368
0.00769269097812536,0.062200956937799
0.00775937068087119,0.0628930817610058
0.00785203787045875,0.0633484162895925
0.00787776540488199,0.0646766169154223
0.00795584546722369,0.0649999999999995
0.00802835315173611,0.065420560747663
0.0080989283293866,0.065420560747663
0.00813383689362445,0.065420560747663
0.00815759294068197,0.065420560747663
0.00819752407589852,0.0656565656565657
0.00822490457055962,0.0656565656565657
0.0082530999170532,0.0656565656565657
0.00835211482451676,0.066037735849056
0.00840542998192121,0.0666666666666664
0.00846717041634352,0.0669856459330145
0.0084935111404555,0.0670103092783503
0.0085434126808134,0.0673076923076916
0.00856518353868205,0.0678733031674206
0.00858877946433038,0.0683229813664603
0.00864039665998669,0.0687499999999996
0.00868592895571207,0.0687499999999996
0.00873798608697389,0.0691056910569099
0.00877510524083437,0.0696202531645564
0.00884905121982167,0.0696517412935318
0.00887951057066896,0.0696721311475414
0.00897633305426413,0.0702479338842981
0.0090126972129159,0.071748878923767
0.00909027310715421,0.0717703349282299
0.00919493559168387,0.0717948717948715
0.00923495719113098,0.0717948717948715
0.00927437471288383,0.0717948717948715
0.00936385649672061,0.072115384615385
0.00942069978176576,0.072115384615385
0.00948479335414034,0.0744186046511626
0.0095352181500735,0.0745341614906838
0.00960103530069713,0.0745341614906838
0.00965074731782197,0.0746268656716413
0.00968866258096459,0.074766355140186
0.0097729389417795,0.0761421319796955
0.00987510408230532,0.0761904761904759
0.00991572428806033,0.0765550239234454
0.00998424904733474,0.0765550239234454
0.0100641722262151,0.076576576576576
0.0100989095686269,0.0769230769230766
0.0101699452258514,0.0769230769230766
0.0102513029626823,0.0772357723577244
0.0103197541172151,0.0776255707762559
0.0103677250052128,0.0787037037037042
0.0104160689865725,0.0804020100502516
0.0104823067843245,0.081300813008129
0.0106036038516175,0.081339712918659
0.0106553994421712,0.08173076923077
0.0106853463031805,0.0841121495327108
0.0107543788185385,0.0845771144278622
0.0108273726977646,0.0852017937219713
0.0108956994017,0.0861244019138745
0.0109981172841633,0.0865384615384599
0.0110551428306433,0.0865384615384599
0.0110911322936715,0.0896860986547097
0.0111973546467775,0.0899999999999999
0.0112870230165552,0.0900900900900901
0.0113437981962125,0.0913461538461533
0.0113988241674276,0.0934579439252339
0.0114347792741906,0.0934579439252339
0.0114615412890707,0.0943396226415096
0.0115224226945256,0.0943396226415096
0.0115947625108728,0.094594594594593
0.0116668864704215,0.094736842105263
0.0116873519425641,0.0961538461538467
0.0117735966190248,0.0961538461538467
0.0118284774810783,0.0986547085201792
0.0119231623168532,0.1010101010101
0.0119821644451697,0.101910828025478
0.0121241256440238,0.102040816326532
0.0121697565185067,0.102564102564102
0.0122156971815828,0.102803738317757
0.0123049549994791,0.10576923076923
0.0123349116924071,0.106060606060606
0.0124029810838649,0.10612244897959
0.0124529042212728,0.107623318385649
0.0124963243323756,0.110552763819094
0.0125415139887675,0.11214953271028
0.0125619083457972,0.112820512820512
0.0126097868263307,0.113821138211382
0.0126433334734781,0.114754098360656
0.0126847889004642,0.117117117117118
0.0127012124883964,0.118367346938776
0.0127528871946811,0.120192307692307
0.0128189872149984,0.120772946859901
0.0129102986114434,0.121076233183857
0.0130037614259199,0.124223602484474
0.0131448568382499,0.125560538116591
0.013213562598752,0.126262626262626
0.0133134799351107,0.128205128205128
0.013367777036438,0.129353233830845
0.0134356970230029,0.12962962962963
0.013494545785238,0.130841121495326
0.0135771115450434,0.131979695431472
0.0136310844261093,0.132075471698112
0.0136775135392611,0.13425925925926
0.013801512124628,0.134615384615383
0.0138829496244983,0.137055837563452
0.0139465024762936,0.138461538461538
0.0140255403667013,0.138755980861244
0.0140618647625743,0.138755980861244
0.0141432878439564,0.140186915887849
0.0141888321090779,0.143497757847534
0.0143613803954913,0.14423076923077
0.0144638042180085,0.144278606965173
0.0145722194568847,0.145631067961165
0.0147089082045496,0.148148148148149
0.0148392638116301,0.148648648648649
0.0149676228336841,0.153846153846153
0.0150647508585988,0.155279503105589
0.0151233718618847,0.157407407407408
0.0152160584179372,0.157894736842106
0.0153278951538948,0.158536585365855
0.0155492909676972,0.158878504672899
0.0156057602896516,0.162037037037038
0.015684655812296,0.165919282511211
0.0157770012136833,0.167701863354036
0.0158525010420317,0.169082125603865
0.0159758614584084,0.169811320754718
0.0160091162019007,0.170403587443946
0.0160877639375017,0.170403587443946
0.0162153447207111,0.171296296296298
0.0162887305699292,0.171296296296298
0.0163503000705201,0.172248803827753
0.0165656376069627,0.173913043478262
0.0166443222676971,0.174887892376681
0.0166759903751514,0.174887892376681
0.0169314530796533,0.176100628930818
0.0171134738647369,0.177570093457945
0.0172898510064292,0.180555555555557
0.017407392568313,0.183856502242151
0.0175488370037599,0.186335403726709
0.0176664876704821,0.1875
0.0177568297737124,0.189473684210526
0.0177992770457737,0.190721649484537
0.0180030946509188,0.192307692307693
0.0181337435099828,0.193236714975846
0.0182713542564729,0.195876288659793
0.0183693671986849,0.19617224880383
0.0184413084492934,0.196969696969695
0.0185375147036586,0.197115384615383
0.0185911994552862,0.197115384615383
0.0186869686153341,0.199095022624434
0.0187621685936431,0.201793721973093
0.018959431118737,0.201923076923077
0.01903035258402,0.202020202020201
0.0191171581188287,0.207070707070706
0.0193644466900957,0.209821428571431
0.0194973803435468,0.21025641025641
0.0195985123809785,0.21359223300971
0.0197483711456804,0.213836477987421
0.0198683744340461,0.214953271028037
0.0200506133624191,0.215
0.0202004737413065,0.217194570135746
0.0202768871367174,0.218181818181819
0.0204737049193461,0.223880597014926
0.0205817387554978,0.23318385650224
0.0207439650944386,0.233644859813083
0.0208036483314006,0.23444976076555
0.0209383888899277,0.23444976076555
0.0210604689894302,0.23557692307692
0.0211849402511763,0.235772357723576
0.0212622534470978,0.236111111111114
0.0214614354940974,0.237499999999997
0.0214956780074842,0.238805970149251
0.0216508004905947,0.239234449760765
0.0217485801282569,0.239837398373986
0.0220914340311884,0.241025641025644
0.0221324649101834,0.242990654205606
0.0222461583704514,0.245370370370367
0.0223921904984181,0.245689655172413
0.0224759569806972,0.247474747474747
0.0225468964492732,0.259615384615387
0.0226592294060139,0.259615384615387
0.0227658679954445,0.261682242990652
0.0230350722814812,0.262626262626263
0.0232061475787918,0.26442307692308
0.023544649826874,0.26778242677824
0.0237558405797231,0.2713567839196
0.0239507384684135,0.273291925465841
0.0240714136749223,0.277777777777779
0.0242242154610374,0.280373831775698
0.0243826080002971,0.280487804878049
0.024546904461805,0.282051282051285
0.0247613501819001,0.285714285714285
0.0248441068125785,0.286995515695068
0.0251113725825488,0.286995515695068
0.0252636861607991,0.287179487179486
0.0254418852441642,0.28846153846154
0.0255794910103518,0.289308176100626
0.0257349116299314,0.289855072463766
0.0258488019938403,0.291666666666664
0.0259788626984665,0.29218106995885
0.02616551045612,0.292929292929294
0.0262965268051835,0.298507462686565
0.0265694707187131,0.304123711340203
0.0267461551646475,0.306220095693782
0.0268835175172071,0.317757009345797
0.027104154561945,0.323383084577117
0.0272761080648026,0.32710280373832
0.0274206549370039,0.33031674208145
0.027759973256631,0.331967213114751
0.0278947231413955,0.333333333333336
0.0279385489549713,0.341708542713569
0.0282612392051228,0.345794392523366
0.0283711941173081,0.353535353535356
0.0285503044175703,0.36036036036036
0.0288124636367259,0.36057692307692
0.0292156686296985,0.363636363636367
0.0295355801373131,0.375
0.0296956683303107,0.378787878787882
0.0298913759739913,0.378787878787882
0.0300698877357362,0.382775119617222
0.030163565415379,0.383177570093459
0.0303607222356702,0.383838383838381
0.0304314893169587,0.388888888888886
0.0307660876936101,0.390134529147979
0.03111543343841,0.392344497607652
0.0313075430436943,0.393939393939391
0.031654007142159,0.398009950248756
0.0320097332478141,0.39903846153846
0.0321705457149163,0.39903846153846
0.0322389525196188,0.41346153846154
0.032436190793629,0.413953488372094
0.0324791500329531,0.415384615384617
0.0326209359484271,0.41614906832298
0.0327838581015063,0.42307692307692
0.0330075602410723,0.434782608695649
0.0332636385204488,0.435406698564591
0.0340043701855007,0.4375
0.0341774591025182,0.439393939393938
0.034426057984014,0.441025641025639
0.0345743052339332,0.444444444444443
0.0348014905326525,0.449074074074076
0.0351437441044397,0.453416149068325
0.0353784969159062,0.462962962962962
0.0354867370004061,0.466666666666669
0.0356134714947628,0.467289719626166
0.0360104515884907,0.47179487179487
0.0360989802181217,0.478260869565219
0.0364876899835129,0.478260869565219
0.0366231635987609,0.481981981981981
0.0367517704989119,0.487309644670049
0.0369248412878695,0.491869918699187
0.0370614613907761,0.496894409937887
0.037140896092397,0.497267759562845
0.0373445501479336,0.497560975609758
0.037571881191952,0.5
0.0378019590847476,0.504672897196265
0.0380464040279183,0.50678733031674
0.0381880116719606,0.51010101010101
0.0382542137584734,0.515000000000001
0.0383830923495129,0.515527950310556
0.0386007575609917,0.527950310559007
0.0388386256099373,0.52884615384616
0.0393656629121841,0.533632286995513
0.039798888104144,0.55140186915888
0.0400261242807844,0.555555555555557
0.0406376827402697,0.555555555555557
0.0411192615094828,0.56481481481481
0.041417628844201,0.569999999999993
0.0415525879108193,0.578680203045678
0.0416402211324325,0.582524271844662
0.0418047511260413,0.592039800995025
0.0421434073398915,0.5929648241206
0.0424679309627952,0.593301435406701
0.0426480517693819,0.593908629441628
0.0428016002930941,0.597222222222229
0.0429661601621105,0.603603603603602
0.0433110877696211,0.612499999999997
0.0437025287292966,0.625
0.044016215745013,0.64467005076142
0.0440983204284187,0.644999999999996
0.0444288252361821,0.655502392344502
0.0446488696237515,0.65865384615384
0.0453793246138582,0.663157894736841
0.0458236752939047,0.666666666666671
0.045969852557072,0.672645739910308
0.0460763915924637,0.675126903553306
0.046375972740222,0.67906976744186
0.0467011991157009,0.679245283018872
0.0470248609305884,0.681592039800989
0.0472575926846001,0.681818181818187
0.0474068614823908,0.68518518518519
0.04783730426642,0.68899521531101
0.0480176057670807,0.689440993788821
0.0481716580184276,0.691588785046733
0.0483581879449178,0.696035242290748
0.0485246979457675,0.696202531645568
0.0488734046675004,0.697435897435895
0.0492793437230957,0.700934579439249
0.0497186138090602,0.700934579439249
0.0499426431020055,0.70192307692308
0.0502171758906793,0.70192307692308
0.0504000217271876,0.704035874439455
0.0506925480237128,0.706249999999997
0.0511128746274249,0.708520179372201
0.0518003011076142,0.710280373831779
0.0523054398481313,0.71573604060913
0.0531457488169108,0.717171717171723
0.0533875874730383,0.719626168224295
0.0537074701449901,0.720496894409933
0.0539450735372505,0.726368159203986
0.0540183018092688,0.728205128205133
0.0543027815325522,0.728971962616825
0.0545335013507165,0.729468599033822
0.0549519109700403,0.731343283582092
0.0552224594584437,0.738461538461536
0.0554162532350279,0.739130434782609
0.0557885239280168,0.740740740740748
0.0560538615951613,0.743589743589737
0.0563444984893328,0.744394618834079
0.0568626002319064,0.745192307692307
0.0573079382487086,0.747663551401871
0.0577717673702752,0.752525252525245
0.0579477624049763,0.753846153846155
0.0582389105680113,0.754999999999995
0.058666525427436,0.757894736842104
0.0590383616920191,0.758974358974356
0.0596715310895592,0.761658031088089
0.0601188526472206,0.764102564102558
0.0602366476717566,0.765000000000001
0.0605889347510695,0.767441860465112
0.0611956604722202,0.771573604060919
0.0615208171139544,0.780269058295957
0.061861380679668,0.78365384615384
0.0625685553010957,0.790000000000006
0.0633104111331416,0.791878172588838
0.0640253652487689,0.803030303030297
0.0642818276004379,0.803738317757009
0.0647879465713677,0.803827751196167
0.0653218032758506,0.8130081300813
0.0660566474005456,0.815668202764982
0.0663205332740723,0.817307692307693
0.0666647595938099,0.824074074074076
0.0670247568597915,0.825242718446603
0.0671944214937073,0.825726141078832
0.0676342949855058,0.826530612244895
0.0679983687070328,0.82692307692308
0.068348037292799,0.829999999999998
0.0685135534115411,0.835000000000008
0.0687636549118668,0.841121495327116
0.0691487177376685,0.84210526315789
0.0694844653033725,0.842592592592581
0.070006234252277,0.846889952153106
0.070373817625635,0.846889952153106
0.0707333809763524,0.851674641148321
0.0715794610558623,0.852791878172582
0.0721068871458891,0.855721393034827
0.0724809897969654,0.857142857142861
0.0726670175997029,0.857142857142861
0.0728463384008748,0.85772357723576
0.0731928492680969,0.85772357723576
0.07394233967912,0.858585858585855
0.0742985057969737,0.859813084112147
0.0746485786501508,0.859813084112147
0.0755036566666163,0.863354037267072
0.0762035887732989,0.863849765258209
0.0765233984695227,0.86486486486487
0.0776406938342126,0.869158878504663
0.0782887408808236,0.869918699186996
0.0787133627580871,0.869918699186996
0.0803383236214683,0.870813397129183
0.0812261784075861,0.871794871794862
0.0819485555956914,0.871794871794862
0.0826704938209908,0.873737373737384
0.0833929163157085,0.875
0.0844266955042328,0.875
0.0853401208568879,0.876288659793801
0.085593700319798,0.876923076923077
0.0866557099290142,0.878504672897208
0.0875947740456856,0.878980891719749
0.0888678308357256,0.879629629629619
0.0895850302823916,0.882113821138205
0.0899878065562948,0.883408071748875
0.0909801373704185,0.884615384615387
0.092667367464904,0.884615384615387
0.0930946743245707,0.884999999999991
0.0940848613224254,0.884999999999991
0.0948704861807301,0.885167464114829
0.0968769372162601,0.88717948717948
0.0971984830303056,0.88717948717948
0.0984702365108634,0.887499999999989
0.0992123366995372,0.887499999999989
0.0997771338263047,0.888198757763973
0.101377532764875,0.888198757763973
0.101823171875023,0.888198757763973
0.102653265171103,0.888198757763973
0.103061288930924,0.888888888888886
0.104025110406874,0.888888888888886
0.104546109087314,0.888888888888886
0.105436574655124,0.890547263681583
0.106227730915842,0.890547263681583
0.106873488764056,0.892307692307696
0.108059917266603,0.893023255813944
0.108894321875596,0.8930817610063
0.109653867031659,0.893518518518505
0.110534698129577,0.894308943089442
0.112231322665644,0.895454545454555
0.114844007574381,0.895522388059703
0.115235146144558,0.89719626168224
0.1161612542998,0.89719626168224
0.116980956483354,0.89719626168224
0.118120989332099,0.897435897435884
0.11957805658478,0.897435897435884
0.12081060762528,0.897435897435884
0.121651817223618,0.897674418604652
0.123311574147403,0.898989898989896
0.123824365022713,0.899038461538453
0.125041431693307,0.899038461538453
0.125947669696883,0.900000000000006
0.126513570745836,0.90045248868779
0.126988500512996,0.900497512437823
0.128162540176527,0.901345291479828
0.129557947753685,0.901345291479828
0.130383881550917,0.902040816326519
0.131158847994329,0.902040816326519
0.131732623460181,0.90384615384616
0.132606111066946,0.90384615384616
0.133994533108299,0.904040404040416
0.135183993236489,0.904040404040416
0.136519033534243,0.905000000000001
0.136658380106959,0.905000000000001
0.137874301699406,0.905000000000001
0.13891793385048,0.905063291139243
0.139361347983532,0.905263157894751
0.139571231027422,0.905405405405418
0.140089459027944,0.905472636815915
0.140755485645049,0.905829596412559
0.141070782896213,0.906122448979602
0.141720279432884,0.906122448979602
0.142294944267924,0.90625
0.142639546832282,0.906542056074755
0.142698464990482,0.906542056074755
0.143430460154058,0.906542056074755
0.144404090493191,0.906542056074755
0.144959350149624,0.906542056074755
0.145196866130315,0.906832298136635
0.145409428530478,0.906832298136635
0.145741544794235,0.906832298136635
0.14576650225783,0.906976744186039
0.146251588558553,0.907407407407419
0.14628106402072,0.907407407407419
0.146297928012752,0.907692307692315
0.146820520257221,0.907692307692315
0.146857063286007,0.908333333333331
0.14718220349724,0.909090909090907
0.147427724912217,0.909909909909913
0.148065960014618,0.909999999999997
0.148273158366417,0.909999999999997
0.14870074565703,0.91194968553458
0.149149225665987,0.912621359223294
0.149286727146213,0.912820512820502
0.149481758316632,0.913043478260875
0.149785085045386,0.913043478260875
0.150253570217297,0.913461538461547
0.150386837407859,0.913461538461547
0.150826967698269,0.913461538461547
0.150843568532551,0.913875598086122
0.150906712104117,0.914027149321271
0.151040883654806,0.914141414141426
0.151403828222036,0.914141414141426
0.151780421166807,0.914141414141426
0.152032622065659,0.914634146341456
0.152237645144003,0.914798206278022
0.152323703675899,0.9158878504673
0.152335357935054,0.9158878504673
0.15258528183658,0.915966386554629
0.15261701720258,0.916279069767455
0.152740042574871,0.916317991631786
0.152920909798653,0.916317991631786
0.153061289474656,0.916666666666657
0.153267385998989,0.916666666666657
0.153442677695321,0.916666666666657
0.153507420647548,0.917475728155352
0.153628429470456,0.917948717948718
0.153820968645994,0.917948717948718
0.153879366830499,0.917948717948718
0.154036232515244,0.917948717948718
0.154092980501749,0.917948717948718
0.154255645834012,0.917948717948718
0.154284406000377,0.918269230769226
0.154511369760011,0.918269230769226
0.154683447788844,0.918269230769255
0.154742383230611,0.918367346938794
0.154929114361274,0.918367346938794
0.155035847391738,0.918552036199117
0.15506985590493,0.918552036199117
0.155168738428082,0.918699186991887
0.155414706570317,0.918781725888323
0.155605798189563,0.919254658385114
0.1557038414072,0.919254658385114
0.155724541287687,0.919282511210781
0.155792263633578,0.919282511210781
0.155841080905193,0.91959798994975
0.155942865689811,0.919642857142833
0.155987735467951,0.920000000000016
0.156101107819716,0.920398009950247
0.15645380519748,0.920398009950247
0.156486017796508,0.920398009950247
0.156588494358186,0.920930232558135
0.156760512092175,0.921296296296305
0.156796195517985,0.921296296296305
0.156819471690409,0.922330097087354
0.156867663544705,0.922330097087354
0.15709416549458,0.922330097087354
0.157224690630836,0.92244897959182
0.157244949374449,0.922680412371108
0.157302727132176,0.923076923076906
0.157540391165867,0.923076923076906
0.157543156526327,0.923076923076906
0.157579431284657,0.923076923076906
0.157676599311555,0.923076923076906
0.15775127279621,0.923076923076906
0.157767543261109,0.923457181915836
0.157804248339629,0.923766816143484
0.157878946415169,0.923766816143484
0.158082914363285,0.923766816143484
0.158169712618876,0.923766816143484
0.158184278291053,0.92385786802032
0.158214492177632,0.92385786802032
0.158245897672382,0.924242424242436
0.158305290806529,0.925000000000011
0.15849573225739,0.925000000000011
0.158583941826782,0.925233644859816
0.158699073035817,0.925233644859816
0.158895855597559,0.925233644859816
0.159054765135348,0.925373134328368
0.159070742778686,0.925373134328368
0.159172045782819,0.925465838509297
0.159318589848158,0.925925925925924
0.159482055867485,0.926530612244903
0.159578797331668,0.927884615384642
0.159629739242636,0.927884615384642
0.159784046538671,0.927884615384642
0.159812458714407,0.927884615384642
0.16000063227976,0.927884615384642
0.160122762279891,0.927927927927954
0.160196510411515,0.927927927927954
0.160329795875784,0.927927927927954
0.160493127823796,0.92820512820515
0.160623028107874,0.928229665071797
0.160694543291265,0.928229665071797
0.160720290042248,0.929113469722608
0.16080259018124,0.930000000000007
0.160885639693708,0.930348258706488
0.160955101853066,0.930348258706488
0.161029638576568,0.930348258706488
0.161220089187194,0.930348258706488
0.161291039746437,0.930379746835456
0.161604268891832,0.930555555555543
0.161755991771216,0.930555555555543
0.161890228008191,0.930612244897986
0.161965770717115,0.930894308943095
0.162062731248466,0.931677018633536
0.162291090040455,0.931677018633536
0.162370126372797,0.93203883495147
0.162605122882923,0.932432432432449
0.162671794915658,0.932692307692321
0.162695294586811,0.932692307692321
0.162711519752453,0.932692307692321
0.162758312711739,0.932735426008946
0.163094712988207,0.933014354066984
0.16329702803025,0.933014354066984
0.163387239354904,0.933014354066984
0.163506647480593,0.934010152284259
0.163724375604592,0.93421052631578
0.163920800432211,0.934343434343418
0.16398181385073,0.934343434343418
0.164105623892089,0.934343434343418
0.164121433933525,0.934579439252332
0.164165142205563,0.934579439252332
0.164227852711088,0.934579439252332
0.164250015863701,0.934579439252332
0.164319598118144,0.934693877551013
0.164335540388643,0.934883720930259
0.164362832140421,0.935000000000002
0.164469952247555,0.935000000000002
0.164516538366071,0.935185185185162
0.164748076479078,0.935185185185162
0.164810168847027,0.935185185185162
0.164906662355404,0.935323383084551
0.164994372704198,0.935323383084551
0.165027997137029,0.935323383084551
0.165057633101547,0.936842105263167
0.165090452940795,0.936936936936945
0.16516669545664,0.93710691823901
0.165201376602576,0.937219730941706
0.165454860746061,0.937219730941706
0.165635515744471,0.937219730941706
0.165696388926849,0.9375
0.165843904220152,0.9375
0.165877117082329,0.937823834196877
0.165896921114177,0.937888198757776
0.165926205753847,0.937888198757776
0.16601507120737,0.938461538461524
0.166107398889013,0.938461538461524
0.166304640524263,0.93925233644859
0.166501446878758,0.939393939393938
0.166542164009757,0.939393939393938
0.166658596390022,0.939393939393938
0.166724227922941,0.939393939393938
0.166743441982984,0.93953488372091
0.166765324242009,0.939814814814838
0.166803398723316,0.939814814814838
0.166860008596491,0.939814814814838
0.166873886132855,0.939814814814838
0.166975565495321,0.939999999999998
0.16700059732469,0.939999999999998
0.167064422499509,0.939999999999998
0.167104663536519,0.940298507462671
0.167266723595593,0.940298507462671
0.16737906240263,0.940298507462671
0.167388056624221,0.940298507462671
0.167401448383396,0.941704035874466
0.167589804475389,0.942307692307679
0.167613774796477,0.942307692307679
0.167639125634611,0.942583732057415
0.167705615051603,0.942583732057415
0.167820703338657,0.942583732057415
0.167842981934869,0.943089430894304
0.167866238978769,0.943589743589769
0.168099660338101,0.943589743589769
0.16811797394006,0.943589743589769
0.168259790079092,0.943589743589769
0.168290134916924,0.943925233644848
0.168356705236109,0.943925233644848
0.16841438829322,0.943925233644848
0.168486030507134,0.943925233644848
0.168499043395821,0.943925233644848
0.16851906615654,0.943925233644848
0.168534951312828,0.943925233644848
0.168547354555136,0.944099378882015
0.168565760896445,0.944099378882015
0.168758603621677,0.944099378882015
0.168818281828005,0.944186046511618
0.168838160624259,0.944444444444457
0.168844754581545,0.944444444444457
0.168863806800466,0.944444444444457
0.169003592501896,0.944444444444457
0.169180961486213,0.944444444444457
0.169423818098325,0.944444444444457
0.169443820542116,0.944915254237287
0.169472912593774,0.945273631840791
0.169501526313893,0.945273631840791
0.169559595691051,0.945701357466078
0.169668607876506,0.945945945945937
0.16970188907997,0.946188340807169
0.169715314358563,0.946938775510205
0.169908514436345,0.947368421052659
0.170268197714333,0.947368421052659
0.17043030790226,0.947916666666686
0.170450354743322,0.948571428571427
0.170454709666122,0.948717948717956
0.170458841235206,0.948717948717956
0.170472764042895,0.948837209302326
0.170579890466047,0.949238578680195
0.170657364473239,0.949494949494976
0.170692352635555,0.949494949494976
0.171178622522093,0.949494949494976
0.17128318130261,0.949494949494976
0.171380340675998,0.949494949494976
0.171414314472574,0.949685534591197
0.171458183636566,0.949685534591197
0.171545534353714,0.949748743718601
0.171636596309972,0.949999999999989
0.171697582650196,0.950248756218912
0.171895380598106,0.950310559006198
0.171987267042546,0.950450450450433
0.172155909122178,0.950672645739928
0.17227417605764,0.950672645739928
0.172300356574307,0.950672645739928
0.172388534196551,0.950672645739928
0.172475050055372,0.951456310679589
0.172498217729479,0.951456310679589
0.172542541650706,0.951923076923094
0.172611500370256,0.951923076923094
0.172718660500713,0.951923076923094
0.172748751603024,0.951923076923094
0.173204383067388,0.952153110047846
0.173331361084645,0.952153110047846
0.173490495053438,0.953271028037364
0.173603770114687,0.953271028037364
0.173721193690716,0.953271028037364
0.173748548638619,0.953271028037364
0.173796615998625,0.953271028037364
0.173809292753835,0.953271028037364
0.173874249473948,0.953271028037364
0.173902934380262,0.953703703703695
0.174206652893501,0.953703703703695
0.174361533124156,0.953703703703695
0.174409826455059,0.953781512605019
0.174675494329848,0.953846153846143
0.174699439290365,0.954356846473047
0.174801375878595,0.954751131221713
0.174866676646196,0.954954954954928
0.174901416985843,0.954954954954928
0.174930126744334,0.955156950672631
0.174975592705984,0.955156950672631
0.175027789420634,0.955156950672631
0.175220533613517,0.955223880597032
0.175392334358396,0.955223880597032
0.175489790133398,0.955223880597032
0.175600843894132,0.955223880597032
0.175611681465162,0.955284552845512
0.175625755319658,0.955284552845512
0.17581543993083,0.955284552845512
0.175857911321003,0.955284552845512
0.175905419014463,0.956250000000011
0.175949460403924,0.956521739130437
0.17603873370434,0.956521739130437
0.17610347198281,0.956521739130437
0.176135005778312,0.956521739130437
0.176395221500336,0.956730769230774
0.176566316467781,0.956730769230774
0.1768398949077,0.956730769230774
0.17689322391455,0.956730769230774
0.176998124026561,0.956730769230774
0.177025943004916,0.956730769230774
0.177115148378768,0.956937799043089
0.177340460396764,0.956937799043089
0.1774310779947,0.956937799043089
0.17762189130486,0.95744680851061
0.177736560916638,0.958333333333314
0.177789705820465,0.958549222797899
0.177865355290117,0.958974358974331
0.177888934008044,0.958974358974331
0.178094930078735,0.959349593495915
0.178306759563332,0.959349593495915
0.178347319495472,0.959595959595958
0.178410147637017,0.959641255605391
0.178597636052469,0.959641255605391
0.178644709923126,0.959641255605391
0.178652540857565,0.95999999999998
0.178762108018754,0.95999999999998
0.178842955645718,0.95999999999998
0.178857123117381,0.960199004975152
0.179032188515784,0.960199004975152
0.179213012352214,0.960199004975152
0.179400832475955,0.961352657004852
0.179420138247065,0.961352657004852
0.179590738271234,0.961538461538453
0.179708837531552,0.961722488038276
0.179741632658458,0.961722488038276
0.179874105300123,0.961722488038276
0.179926319393507,0.962184873949582
0.180070172465068,0.962499999999977
0.180166334393961,0.962499999999977
0.180242687349598,0.96261682242988
0.18025622702097,0.96261682242988
0.180288534621822,0.96261682242988
0.180529668828054,0.96296296296299
0.180798821937966,0.963265306122423
0.180834604569909,0.96363636363634
0.180922773931239,0.963730569948211
0.181073289721128,0.964102564102518
0.18135100288939,0.964102564102518
0.181564227494415,0.964102564102518
0.181735879641476,0.964102564102518
0.181870673554407,0.964102564102518
0.182342895211781,0.96412556053815
0.182552678562018,0.96412556053815
0.182767539263693,0.96412556053815
0.183087208588734,0.965000000000032
0.183102989616913,0.965000000000032
0.183191019428248,0.965174129353272
0.183288273835985,0.965174129353272
0.183309324247364,0.965174129353272
0.183544581327137,0.965174129353272
0.183851394280673,0.965174129353272
0.18385859162838,0.96618357487921
0.184019266761134,0.966346153846189
0.184156290833767,0.966346153846189
0.184171621739625,0.966346153846189
0.184309421764633,0.966346153846189
0.184695433174777,0.966346153846189
0.184921882374122,0.966346153846189
0.185029120123744,0.966507177033463
0.185499001166121,0.966942148760381
0.185684101331732,0.967346938775563
0.185750341719766,0.967441860465101
0.185811829821528,0.967479674796778
0.18584603830271,0.967592592592609
0.186032785509703,0.967592592592609
0.186245696642966,0.967592592592609
0.187070531847257,0.967592592592609
0.187251671581328,0.968354430379691
0.187566193350765,0.968421052631584
0.187691423345564,0.968468468468473
0.188411281335396,0.968609865470853
0.188447827687984,0.968609865470853
0.188818064602172,0.968609865470853
0.189279323840995,0.968609865470853
0.189386222808681,0.96875
0.18958938454805,0.968911917098467
0.189674364140731,0.968944099378859
0.190432198167511,0.969072164948443
0.190552887933229,0.969162995594729
0.190630829869545,0.969230769230762
0.190883473579319,0.969696969696997
0.191153304915339,0.970000000000027
0.191614142152547,0.970000000000027
0.192132600974474,0.970000000000027
0.192621059994761,0.970000000000027
0.192644528628652,0.970149253731392
0.193171124252841,0.971014492753625
0.193398391327937,0.971153846153811
0.193527241943445,0.971291866028764
0.193547352307878,0.971291866028764
0.193754170757937,0.971291866028764
0.193897248830567,0.971962616822452
0.194222185295998,0.971962616822452
0.194375511345754,0.971962616822452
0.194785867908164,0.971962616822452
0.195091526030522,0.971962616822452
0.195650933909653,0.971962616822452
0.195854071623333,0.971962616822452
0.195898237901574,0.971962616822452
0.19667186624852,0.971962616822452
0.197092719355522,0.971962616822452
0.197114160112995,0.972093023255866
0.197162009617606,0.972222222222172
0.197469211519168,0.972972972973025
0.197750008405394,0.972972972973025
0.198010071261913,0.973094170403556
0.198100267843178,0.973094170403556
0.198412779073357,0.973094170403556
0.198431305282377,0.973333333333358
0.198658272003351,0.974226804123759
0.198730695522572,0.974226804123759
0.199090573421402,0.974226804123759
0.199651713983437,0.974226804123759
0.199934191189189,0.974358974359006
0.200186997541519,0.974358974359006
0.200357558721083,0.974358974359006
0.200419798333976,0.974619289340126
0.200993843875023,0.97474747474746
0.20101530053407,0.97474747474746
0.201207687378348,0.97474747474746
0.201453946900445,0.97474747474746
0.201722345600113,0.97474747474746
0.201796090759176,0.975000000000023
0.202071295067562,0.975124378109399
0.202565831059573,0.975124378109399
0.202949965295358,0.975155279503156
0.203325150815615,0.975155279503156
0.2034349268439,0.975155279503156
0.203566556896843,0.975961538461547
0.203656868100696,0.975961538461547
0.20372346689684,0.975961538461547
0.204040571339513,0.976076555023951
0.20414793024203,0.976076555023951
0.204376161832258,0.976076555023951
0.204663641285308,0.976851851851848
0.204712106181947,0.977578475336372
0.205035395307907,0.977578475336372
0.205535276242919,0.979166666666629
0.205740550228503,0.979274611398978
0.205745208828348,0.979487179487137
0.206089493257493,0.979487179487137
0.206144233590327,0.979695431472123
0.206252562523431,0.979797979798036
0.207011309184755,0.979797979798036
0.207160761398256,0.979797979798036
0.207647147669839,0.980676328502454
0.20788549251345,0.980769230769283
0.207921500373402,0.980769230769283
0.208000537966895,0.980769230769283
0.208076873277846,0.980769230769283
0.208452540509566,0.980861244019138
0.209022126312295,0.980861244019138
0.209898149672554,0.981012658227883
0.210910880340001,0.981250000000045
0.210955335195785,0.981308411214968
0.211061255472357,0.981308411214968
0.211103619943294,0.981308411214968
0.211161065320713,0.981308411214968
0.211670241714208,0.981308411214968
0.211803763833318,0.981308411214968
0.211950119541519,0.981366459627338
0.211965632869345,0.981366459627338
0.211980377839571,0.981366459627338
0.212003833305954,0.981366459627338
0.212180576207449,0.981366459627338
0.212504465442956,0.981481481481524
0.212597068873843,0.981981981982017
0.212770503608075,0.981981981982017
0.212992369984208,0.981981981982017
0.21359895268831,0.982857142857142
0.214042835824341,0.984455958549233
0.214267013564025,0.984536082474278
0.214528821914141,0.984615384615381
0.215817170106139,0.984693877550967
0.215981289398951,0.984848484848499
0.216574957312949,0.985000000000014
0.216742402223109,0.985074626865639
0.216749824075544,0.985576923076906
0.216760302470681,0.985645933014325
0.216857123911893,0.985645933014325
0.216954069190017,0.985645933014325
0.21696476349447,0.986111111111086
0.217337823603471,0.986111111111086
0.21749927953141,0.986547085201778
0.21769185400318,0.986547085201778
0.218439416201373,0.987179487179446
0.218561451227875,0.987341772151922
0.218659261242934,0.987577639751521
0.218813896500787,0.987654320987644
0.219447404209253,0.987804878048792
0.220026565767814,0.987804878048792
0.22007588097604,0.989473684210566
0.221130975105604,0.989690721649481
0.221607697346881,0.989690721649481
0.221704489311988,0.989743589743625
0.22227821982466,0.989898989898961
0.222537427065566,0.989898989898961
0.222563092659114,0.989949748743697
0.222756139714191,0.990000000000009
0.223187557556949,0.99004975124376
0.223737050085293,0.99004975124376
0.224250044454542,0.990384615384642
0.226112896311312,0.990430622009512
0.22692791338382,0.990430622009512
0.227037061238888,0.990430622009512
0.227508721221022,0.990430622009512
0.227544131735076,0.990654205607484
0.229034743054863,0.990654205607484
0.229571801763503,0.990654205607484
0.229970627534471,0.990740740740762
0.230360595532699,0.990990990991008
0.230753835368082,0.991561181434577
0.230760271251184,0.993749999999977
0.231143715083387,0.993749999999977
0.231748043018716,0.993788819875817
0.232000668495874,0.994845360824797
0.233877587295284,0.994871794871756
0.234648390478817,0.994871794871756
0.236298111465304,0.994949494949537
0.236669882469345,0.99502487562188
0.237897538711254,0.99502487562188
0.240164660188545,0.995192307692264
0.240509593366003,0.995192307692264
0.240516185277779,0.995215311004813
0.240888285496007,0.995215311004813
0.241068075842022,0.995215311004813
0.241852075816078,0.995370370370324
0.244571132842642,0.995370370370324
0.250661092926168,0.995515695067297
0.254093981505384,0.99563318777291
0.257869933211042,1
0.258192188261812,1
0.258797466191826,1
0.261819696159941,1
0.441442190263003,1
0.498812766845212,1
1,1
