"system","label","parameter","tier","primary","secondary","is_best_tier","source_file"
"baseline","BASELINE (cas12a)","be_mutations_per_target_per_division","very_low",0.00238,NA,FALSE,"generate-recorder-parameter-grid.R"
"baseline","BASELINE (cas12a)","be_mutations_per_target_per_division","low",0.00476,NA,FALSE,"generate-recorder-parameter-grid.R"
"baseline","BASELINE (cas12a)","be_mutations_per_target_per_division","mid",0.00952,NA,TRUE,"generate-recorder-parameter-grid.R"
"baseline","BASELINE (cas12a)","be_mutations_per_target_per_division","high",0.01904,NA,FALSE,"generate-recorder-parameter-grid.R"
"baseline","BASELINE (cas12a)","be_mutations_per_target_per_division","very_high",0.03808,NA,FALSE,"generate-recorder-parameter-grid.R"
"wt_crispr","WT-CRISPR (FLARE)","nuclease_indel_probabilities_per_target_per_division","very_low",0.0025,0.025,FALSE,"generate-recorder-parameter-grid.R"
"wt_crispr","WT-CRISPR (FLARE)","nuclease_indel_probabilities_per_target_per_division","low",0.005,0.05,TRUE,"generate-recorder-parameter-grid.R"
"wt_crispr","WT-CRISPR (FLARE)","nuclease_indel_probabilities_per_target_per_division","mid",0.01,0.1,FALSE,"generate-recorder-parameter-grid.R"
"wt_crispr","WT-CRISPR (FLARE)","nuclease_indel_probabilities_per_target_per_division","high",0.02,0.2,FALSE,"generate-recorder-parameter-grid.R"
"wt_crispr","WT-CRISPR (FLARE)","nuclease_indel_probabilities_per_target_per_division","very_high",0.04,0.4,FALSE,"generate-recorder-parameter-grid.R"
"prime","PEtracer (prime)","induced_edit_probability_per_cell_cycle","very_low",0.0225,NA,FALSE,"generate-recorder-parameter-grid.R"
"prime","PEtracer (prime)","induced_edit_probability_per_cell_cycle","low",0.045,NA,FALSE,"generate-recorder-parameter-grid.R"
"prime","PEtracer (prime)","induced_edit_probability_per_cell_cycle","mid",0.09,NA,FALSE,"generate-recorder-parameter-grid.R"
"prime","PEtracer (prime)","induced_edit_probability_per_cell_cycle","high",0.18,NA,TRUE,"generate-recorder-parameter-grid.R"
"prime","PEtracer (prime)","induced_edit_probability_per_cell_cycle","very_high",0.36,NA,FALSE,"generate-recorder-parameter-grid.R"
"palincode","PALINCODE","induced_cbit_probabilities_per_cell_cycle","very_low",0.02,0.0125,FALSE,"generate-recorder-parameter-grid.R"
"palincode","PALINCODE","induced_cbit_probabilities_per_cell_cycle","low",0.04,0.025,FALSE,"generate-recorder-parameter-grid.R"
"palincode","PALINCODE","induced_cbit_probabilities_per_cell_cycle","mid",0.08,0.05,TRUE,"generate-recorder-parameter-grid.R"
"palincode","PALINCODE","induced_cbit_probabilities_per_cell_cycle","high",0.16,0.1,FALSE,"generate-recorder-parameter-grid.R"
"palincode","PALINCODE","induced_cbit_probabilities_per_cell_cycle","very_high",0.32,0.2,FALSE,"generate-recorder-parameter-grid.R"
"mitochondrial","Mitochondrial","substitution_probability_per_site_per_division","very_low",5e-07,NA,FALSE,"generate-recorder-parameter-grid.R"
"mitochondrial","Mitochondrial","substitution_probability_per_site_per_division","low",1e-06,NA,FALSE,"generate-recorder-parameter-grid.R"
"mitochondrial","Mitochondrial","substitution_probability_per_site_per_division","mid",2e-06,NA,FALSE,"generate-recorder-parameter-grid.R"
"mitochondrial","Mitochondrial","substitution_probability_per_site_per_division","high",4e-06,NA,FALSE,"generate-recorder-parameter-grid.R"
"mitochondrial","Mitochondrial","substitution_probability_per_site_per_division","very_high",8e-06,NA,TRUE,"generate-recorder-parameter-grid.R"
