"size_bin","cell_dropout","clones","mean_normalized_rf","lower","upper","cell_label"
"4-5",0,1104,0.132699275362319,0.115680522866651,0.149718027857987,"0.00"
"6-10",0,2516,0.179673896585661,0.171994521413327,0.187353271757995,"0.00"
"11-20",0,3639,0.192742907059623,0.188522756774071,0.196963057345175,"0.00"
"21-50",0,5141,0.204504110126773,0.202160909506537,0.206847310747009,"0.00"
"51-100",0,2411,0.216688288693071,0.214383260388929,0.218993316997213,"0.00"
">100",0,633,0.221361442992598,0.21783781117034,0.224885074814856,"0.00"
"4-5",0.1,1222,0.139525368248772,0.122661120499563,0.156389615997981,"0.10"
"6-10",0.1,2721,0.173041248840587,0.165909178848599,0.180173318832576,"0.10"
"11-20",0.1,3726,0.185962245258802,0.18186173726569,0.190062753251914,"0.10"
"21-50",0.1,4999,0.200565950942288,0.198213938770325,0.202917963114252,"0.10"
"51-100",0.1,2094,0.215577092989511,0.213046920879849,0.218107265099173,"0.10"
">100",0.1,453,0.213978159591652,0.209832186293908,0.218124132889396,"0.10"
"4-5",0.25,1399,0.118656182987848,0.103870301968169,0.133442064007527,"0.25"
"6-10",0.25,3010,0.165056953013764,0.158359758008121,0.171754148019406,"0.25"
"11-20",0.25,3793,0.176323790756337,0.172426094246488,0.180221487266185,"0.25"
"21-50",0.25,4666,0.193895289795793,0.191506398863518,0.196284180728067,"0.25"
"51-100",0.25,1609,0.212437817061642,0.209603382166217,0.215272251957067,"0.25"
">100",0.25,226,0.21473693723372,0.208603668883966,0.220870205583474,"0.25"
"4-5",0.5,1848,0.123376623376623,0.110432417140317,0.13632082961293,"0.50"
"6-10",0.5,3519,0.144962719387272,0.139100214558711,0.150825224215832,"0.50"
"11-20",0.5,3808,0.167656689801246,0.163897625469535,0.171415754132958,"0.50"
"21-50",0.5,3565,0.194857523722524,0.192009588226945,0.197705459218103,"0.50"
"51-100",0.5,587,0.217353384973923,0.212398003692319,0.222308766255527,"0.50"
">100",0.5,37,0.204030067545659,0.187312813760966,0.220747321330352,"0.50"
"4-5",0.8,2488,0.118167202572347,0.107072663249216,0.129261741895478,"0.80"
"6-10",0.8,3472,0.150209842001317,0.144293390640864,0.15612629336177,"0.80"
"11-20",0.8,2265,0.207704972565705,0.202086276521979,0.213323668609431,"0.80"
"21-50",0.8,690,0.252633246996553,0.244195115225205,0.2610713787679,"0.80"
"51-100",0.8,16,0.218588516773259,0.182910377762752,0.254266655783766,"0.80"
