"skew","clones","mean_normalized_rf","lower","upper"
0,890,0.194878662246854,0.186092984732638,0.203664339761069
0.05,916,0.200201765500055,0.191382864384998,0.209020666615113
0.1,901,0.200934599466243,0.191535533754422,0.210333665178064
0.11,904,0.198714348910107,0.189055007960256,0.208373689859958
0.15,894,0.197545462418826,0.187715876006092,0.207375048831559
0.2,888,0.201539377703087,0.192060579654499,0.211018175751675
0.22,909,0.196085575471292,0.187608940283776,0.204562210658808
0.25,893,0.192777391797707,0.184057520939277,0.201497262656137
0.3,909,0.195556316169515,0.186426798938247,0.204685833400782
0.33,907,0.194458887491666,0.185753687964424,0.203164087018909
0.35,905,0.18364396391071,0.175004523557496,0.192283404263924
0.44,907,0.192250085675712,0.183107836012042,0.201392335339383
0.56,912,0.197324918613468,0.187691399265646,0.20695843796129
0.67,905,0.194622107609698,0.185472105129502,0.203772110089895
0.78,914,0.195094514516912,0.185099779444905,0.20508924958892
0.89,909,0.188889250919293,0.180413286908599,0.197365214929987
1,899,0.193590492754594,0.184120409812855,0.203060575696334
