"terminal_id","cell_index","assignment"
"cell_908",1201,"terminal_edge"
"cell_909",1239,"terminal_edge"
"cell_898",1586,"terminal_edge"
"cell_899",1626,"terminal_edge"
"cell_980",1800,"terminal_edge"
"cell_981",1824,"terminal_edge"
"cell_753",2050,"terminal_edge"
"cell_1084",2424,"terminal_edge"
"cell_1085",2427,"terminal_edge"
"cell_1000",2576,"terminal_edge"
"cell_1002",2637,"terminal_edge"
"cell_1003",2656,"terminal_edge"
"cell_187",2983,"terminal_edge"
"cell_516",3382,"terminal_edge"
"cell_654",3510,"terminal_edge"
"cell_145",3893,"terminal_edge"
"cell_650",4610,"terminal_edge"
"cell_784",4711,"terminal_edge"
"cell_1036",4776,"terminal_edge"
"cell_1037",4790,"terminal_edge"
"cell_978",4964,"terminal_edge"
"cell_979",4988,"terminal_edge"
"cell_804",5327,"terminal_edge"
"cell_1068",5390,"terminal_edge"
"cell_1069",5395,"terminal_edge"
"cell_887",5437,"terminal_edge"
"cell_930",5680,"terminal_edge"
"cell_931",5715,"terminal_edge"
"cell_507",5846,"terminal_edge"
"cell_592",6004,"terminal_edge"
"cell_593",6116,"terminal_edge"
"cell_193",6442,"terminal_edge"
"cell_622",6860,"terminal_edge"
"cell_842",6965,"terminal_edge"
"cell_1070",7111,"terminal_edge"
"cell_1071",7116,"terminal_edge"
"cell_873",7163,"terminal_edge"
"cell_762",7305,"terminal_edge"
"cell_763",7376,"terminal_edge"
"cell_680",7623,"terminal_edge"
"cell_681",7713,"terminal_edge"
"cell_670",7827,"terminal_edge"
"cell_687",7920,"terminal_edge"
"cell_368",8145,"terminal_edge"
"cell_1050",8347,"terminal_edge"
"cell_1051",8357,"terminal_edge"
"cell_1080",8556,"terminal_edge"
"cell_481",8704,"terminal_edge"
"cell_1046",9907,"terminal_edge"
"cell_1047",9919,"terminal_edge"
"cell_1038",9966,"terminal_edge"
"cell_1039",9980,"terminal_edge"
"cell_589",10093,"terminal_edge"
"cell_464",10679,"terminal_edge"
"cell_317",10909,"terminal_edge"
"cell_948",11554,"terminal_edge"
"cell_949",11582,"terminal_edge"
"cell_916",11783,"terminal_edge"
"cell_917",11820,"terminal_edge"
"cell_567",11939,"terminal_edge"
"cell_902",12576,"terminal_edge"
"cell_992",12600,"terminal_edge"
"cell_993",12595,"ancestor_edge"
"cell_996",12423,"ancestor_edge"
