"cell","cluster","lineage_group"
"cell_908","0",1
"cell_909","0",1
"cell_898","0",1
"cell_899","0",1
"cell_980","0",1
"cell_981","0",1
"cell_753","0",1
"cell_1084","0",1
"cell_1085","0",1
"cell_1000","0",1
"cell_1002","0",1
"cell_1003","0",1
"cell_187","0",1
"cell_516","0",1
"cell_654","0",1
"cell_145","0",1
"cell_650","0",1
"cell_784","0",1
"cell_1036","0",1
"cell_1037","0",1
"cell_978","0",1
"cell_979","0",1
"cell_804","0",1
"cell_1068","0",1
"cell_1069","0",1
"cell_887","0",1
"cell_930","0",1
"cell_931","0",1
"cell_507","0",1
"cell_592","0",1
"cell_593","0",1
"cell_193","0",1
"cell_622","0",1
"cell_842","0",1
"cell_1070","0",1
"cell_1071","0",1
"cell_873","0",1
"cell_762","0",1
"cell_763","0",1
"cell_680","0",1
"cell_681","0",1
"cell_670","0",1
"cell_687","0",1
"cell_368","0",1
"cell_1050","0",1
"cell_1051","0",1
"cell_1080","0",1
"cell_481","0",1
"cell_1046","1",2
"cell_1047","1",2
"cell_1038","1",2
"cell_1039","1",2
"cell_589","1",2
"cell_464","1",2
"cell_317","1",2
"cell_948","1",2
"cell_949","1",2
"cell_916","1",2
"cell_917","1",2
"cell_567","1",2
"cell_902","1",2
"cell_992","1",2
"cell_993","1",2
"cell_996","1",2
