target_a	target_b	gap	n11	n10	n01	n00	same_call
1	2	1	11839703	20052	60002	1580795	6004492
1	3	2	11846766	12989	75353	1565444	5563694
1	4	3	11808603	51152	79081	1561716	4722542
1	5	4	11838457	21298	77149	1563648	4479822
1	6	5	11771342	88413	80076	1560721	3716209
1	7	6	11834309	25446	81104	1559693	3577014
1	8	7	11585124	274631	77891	1562906	2684754
2	3	1	11891519	8186	30600	1570247	10214150
2	4	2	11853306	46399	34378	1566469	9305054
2	5	3	11883134	16571	32472	1568375	8994253
2	6	4	11815821	83884	35597	1565250	8083294
2	7	5	11878890	20815	36523	1564324	7851221
2	8	6	11629621	270084	33394	1567453	6818613
3	4	1	11873983	48136	13701	1564732	10168940
3	5	2	11903768	18351	11838	1566595	9821387
3	6	3	11836667	85452	14751	1563682	8878758
3	7	4	11899457	22662	15956	1562477	8646320
3	8	5	11643586	278533	19429	1559004	7603953
4	5	1	11877683	10001	37923	1574945	11304254
4	6	2	11810181	77503	41237	1571631	10356083
4	7	3	11873316	14368	42097	1570771	10113659
4	8	4	11617301	270383	45714	1567154	8849969
5	6	1	11844124	71482	7294	1577652	10893311
5	7	2	11906878	8728	8535	1576411	10584462
5	8	3	11651046	264560	11969	1572977	9119880
6	7	1	11845458	5960	69955	1579179	11234671
6	8	2	11589875	261543	73140	1575994	9702819
7	8	1	11656798	258615	6217	1578922	9846805
