"metric","real","simulated","ratio"
"mean per-target editing rate",0.878804,0.983852238303601,1.11953545762605
"spread of per-target rate (max - min)",0.019192,0.0989565802760013,5.15613694643609
"mean distinct calls, real re-scored as the simulator encodes",1.31840018804162,1.30663076405251,0.991072950310635
"one event spans >= 7 targets, matched encoding",0.853713148047274,0.95960955907102,1.12404214608381
"mean distinct calls per molecule (of 8)",2.02153304546362,1.30663076405251,0.646356371460078
"molecules with no edited target",0.114484874396247,0,0
"molecules where one event spans >= 4 targets",0.869271937917798,1,1.15038799296264
"median distinct alleles per target",2980,3,0.00100671140939597
"mean normalised entropy per target",0.366655,0.101956101082431,0.278070941572953
"mean pairwise phi between targets",0.954625855101604,0.0147229302276056,0.0154227231002858
"P(same allele | both edited)",0.693720024148707,0.953697079893092,1.37475789467576
